regcn,ft:0,n_layer:3,he:8,hd:64,lr:0.001,wd:0.0,dp:0.2,R:1.0,58.42 ± 1.41,59.50 ± 0.91
regcn,ft:0,n_layer:3,he:8,hd:64,lr:0.001,wd:0.0,dp:0.2,R:10.0,58.20 ± 1.79,59.31 ± 1.31
regcn,ft:0,n_layer:3,he:8,hd:64,lr:0.001,wd:0.0,dp:0.2,R:100.0,45.04 ± 4.61,51.91 ± 2.70
regcn,ft:0,n_layer:3,he:8,hd:64,lr:0.001,wd:0.0,dp:0.5,R:1.0,59.32 ± 1.11,60.08 ± 1.05
regcn,ft:0,n_layer:3,he:8,hd:64,lr:0.001,wd:0.0,dp:0.5,R:10.0,59.25 ± 0.83,59.90 ± 0.81
regcn,ft:0,n_layer:3,he:8,hd:64,lr:0.001,wd:0.0,dp:0.5,R:100.0,59.07 ± 1.05,59.84 ± 0.98
regcn,ft:0,n_layer:3,he:8,hd:64,lr:0.001,wd:0.0,dp:0.7,R:1.0,56.48 ± 2.26,58.41 ± 1.88
regcn,ft:0,n_layer:3,he:8,hd:64,lr:0.001,wd:0.0,dp:0.7,R:10.0,57.29 ± 2.33,58.98 ± 2.05
regcn,ft:0,n_layer:3,he:8,hd:64,lr:0.001,wd:0.0,dp:0.7,R:100.0,46.11 ± 14.76,51.32 ± 9.71
regcn,ft:0,n_layer:3,he:8,hd:64,lr:0.001,wd:0.0005,dp:0.2,R:1.0,59.27 ± 0.99,60.09 ± 0.73
regcn,ft:0,n_layer:3,he:8,hd:64,lr:0.001,wd:0.0005,dp:0.2,R:10.0,59.40 ± 1.04,60.11 ± 0.84
regcn,ft:0,n_layer:3,he:8,hd:64,lr:0.001,wd:0.0005,dp:0.2,R:100.0,47.10 ± 5.66,53.00 ± 3.25
regcn,ft:0,n_layer:3,he:8,hd:64,lr:0.001,wd:0.0005,dp:0.5,R:1.0,59.55 ± 0.66,60.33 ± 0.66
regcn,ft:0,n_layer:3,he:8,hd:64,lr:0.001,wd:0.0005,dp:0.5,R:10.0,59.51 ± 1.25,60.17 ± 1.20
regcn,ft:0,n_layer:3,he:8,hd:64,lr:0.001,wd:0.0005,dp:0.5,R:100.0,59.25 ± 1.33,60.11 ± 1.29
regcn,ft:0,n_layer:3,he:8,hd:64,lr:0.001,wd:0.0005,dp:0.7,R:1.0,56.50 ± 2.74,58.47 ± 2.18
regcn,ft:0,n_layer:3,he:8,hd:64,lr:0.001,wd:0.0005,dp:0.7,R:10.0,57.90 ± 1.92,59.40 ± 1.75
regcn,ft:0,n_layer:3,he:8,hd:64,lr:0.001,wd:0.0005,dp:0.7,R:100.0,45.75 ± 16.71,52.36 ± 9.82
regcn,ft:0,n_layer:3,he:8,hd:64,lr:0.001,wd:0.001,dp:0.2,R:1.0,59.42 ± 0.94,60.12 ± 0.65
regcn,ft:0,n_layer:3,he:8,hd:64,lr:0.001,wd:0.001,dp:0.2,R:10.0,59.61 ± 0.69,60.18 ± 0.59
regcn,ft:0,n_layer:3,he:8,hd:64,lr:0.001,wd:0.001,dp:0.2,R:100.0,47.36 ± 5.72,52.90 ± 3.26
regcn,ft:0,n_layer:3,he:8,hd:64,lr:0.001,wd:0.001,dp:0.5,R:1.0,59.45 ± 0.81,60.27 ± 0.82
regcn,ft:0,n_layer:3,he:8,hd:64,lr:0.001,wd:0.001,dp:0.5,R:10.0,59.74 ± 0.69,60.28 ± 0.76
regcn,ft:0,n_layer:3,he:8,hd:64,lr:0.001,wd:0.001,dp:0.5,R:100.0,59.65 ± 0.57,60.30 ± 0.60
regcn,ft:0,n_layer:3,he:8,hd:64,lr:0.001,wd:0.001,dp:0.7,R:1.0,56.49 ± 2.74,58.54 ± 1.91
regcn,ft:0,n_layer:3,he:8,hd:64,lr:0.001,wd:0.001,dp:0.7,R:10.0,58.15 ± 1.93,59.58 ± 1.76
regcn,ft:0,n_layer:3,he:8,hd:64,lr:0.001,wd:0.001,dp:0.7,R:100.0,51.33 ± 13.97,55.07 ± 8.44
regcn,ft:0,n_layer:3,he:8,hd:64,lr:0.001,wd:0.005,dp:0.2,R:1.0,57.45 ± 0.86,58.55 ± 0.81
regcn,ft:0,n_layer:3,he:8,hd:64,lr:0.001,wd:0.005,dp:0.2,R:10.0,59.35 ± 0.84,59.90 ± 0.83
regcn,ft:0,n_layer:3,he:8,hd:64,lr:0.001,wd:0.005,dp:0.2,R:100.0,52.36 ± 7.02,54.97 ± 4.56
regcn,ft:0,n_layer:3,he:8,hd:64,lr:0.001,wd:0.005,dp:0.5,R:1.0,57.53 ± 1.54,58.72 ± 1.36
regcn,ft:0,n_layer:3,he:8,hd:64,lr:0.001,wd:0.005,dp:0.5,R:10.0,59.61 ± 0.67,60.25 ± 0.68
regcn,ft:0,n_layer:3,he:8,hd:64,lr:0.001,wd:0.005,dp:0.5,R:100.0,58.99 ± 1.27,59.89 ± 1.15
regcn,ft:0,n_layer:3,he:8,hd:64,lr:0.001,wd:0.005,dp:0.7,R:1.0,55.66 ± 3.67,57.94 ± 2.50
regcn,ft:0,n_layer:3,he:8,hd:64,lr:0.001,wd:0.005,dp:0.7,R:10.0,58.04 ± 2.33,59.49 ± 1.98
regcn,ft:0,n_layer:3,he:8,hd:64,lr:0.001,wd:0.005,dp:0.7,R:100.0,53.57 ± 8.32,56.87 ± 5.17
regcn,ft:0,n_layer:3,he:8,hd:64,lr:0.005,wd:0.0,dp:0.2,R:1.0,53.88 ± 2.94,56.81 ± 1.94
regcn,ft:0,n_layer:3,he:8,hd:64,lr:0.005,wd:0.0,dp:0.2,R:10.0,54.92 ± 4.01,57.53 ± 2.42
regcn,ft:0,n_layer:3,he:8,hd:64,lr:0.005,wd:0.0,dp:0.2,R:100.0,48.68 ± 8.97,53.37 ± 5.37
regcn,ft:0,n_layer:3,he:8,hd:64,lr:0.005,wd:0.0,dp:0.5,R:1.0,58.43 ± 1.60,59.40 ± 1.15
regcn,ft:0,n_layer:3,he:8,hd:64,lr:0.005,wd:0.0,dp:0.5,R:10.0,57.28 ± 2.68,58.52 ± 1.71
regcn,ft:0,n_layer:3,he:8,hd:64,lr:0.005,wd:0.0,dp:0.5,R:100.0,53.12 ± 8.38,55.96 ± 5.25
regcn,ft:0,n_layer:3,he:8,hd:64,lr:0.005,wd:0.0,dp:0.7,R:1.0,56.75 ± 2.67,58.69 ± 1.40
regcn,ft:0,n_layer:3,he:8,hd:64,lr:0.005,wd:0.0,dp:0.7,R:10.0,58.36 ± 1.75,59.68 ± 1.00
regcn,ft:0,n_layer:3,he:8,hd:64,lr:0.005,wd:0.0,dp:0.7,R:100.0,51.19 ± 10.40,54.89 ± 6.60
regcn,ft:0,n_layer:3,he:8,hd:64,lr:0.005,wd:0.0005,dp:0.2,R:1.0,56.56 ± 3.20,58.43 ± 1.75
regcn,ft:0,n_layer:3,he:8,hd:64,lr:0.005,wd:0.0005,dp:0.2,R:10.0,55.29 ± 3.98,57.69 ± 2.70
regcn,ft:0,n_layer:3,he:8,hd:64,lr:0.005,wd:0.0005,dp:0.2,R:100.0,48.28 ± 8.18,53.61 ± 4.61
regcn,ft:0,n_layer:3,he:8,hd:64,lr:0.005,wd:0.0005,dp:0.5,R:1.0,58.75 ± 1.42,59.69 ± 0.73
regcn,ft:0,n_layer:3,he:8,hd:64,lr:0.005,wd:0.0005,dp:0.5,R:10.0,56.98 ± 4.18,58.31 ± 3.22
regcn,ft:0,n_layer:3,he:8,hd:64,lr:0.005,wd:0.0005,dp:0.5,R:100.0,55.96 ± 2.90,57.62 ± 2.04
regcn,ft:0,n_layer:3,he:8,hd:64,lr:0.005,wd:0.0005,dp:0.7,R:1.0,56.39 ± 3.63,58.53 ± 1.92
regcn,ft:0,n_layer:3,he:8,hd:64,lr:0.005,wd:0.0005,dp:0.7,R:10.0,59.14 ± 1.21,60.15 ± 0.92
regcn,ft:0,n_layer:3,he:8,hd:64,lr:0.005,wd:0.0005,dp:0.7,R:100.0,54.36 ± 5.84,57.57 ± 2.72
regcn,ft:0,n_layer:3,he:8,hd:64,lr:0.005,wd:0.001,dp:0.2,R:1.0,57.59 ± 2.62,58.94 ± 1.54
regcn,ft:0,n_layer:3,he:8,hd:64,lr:0.005,wd:0.001,dp:0.2,R:10.0,57.00 ± 3.25,58.60 ± 1.85
regcn,ft:0,n_layer:3,he:8,hd:64,lr:0.005,wd:0.001,dp:0.2,R:100.0,48.18 ± 7.07,53.31 ± 4.05
regcn,ft:0,n_layer:3,he:8,hd:64,lr:0.005,wd:0.001,dp:0.5,R:1.0,59.25 ± 0.99,59.98 ± 0.59
regcn,ft:0,n_layer:3,he:8,hd:64,lr:0.005,wd:0.001,dp:0.5,R:10.0,56.21 ± 4.97,57.86 ± 3.75
regcn,ft:0,n_layer:3,he:8,hd:64,lr:0.005,wd:0.001,dp:0.5,R:100.0,55.06 ± 4.80,57.03 ± 3.17
regcn,ft:0,n_layer:3,he:8,hd:64,lr:0.005,wd:0.001,dp:0.7,R:1.0,56.10 ± 3.74,58.34 ± 2.02
regcn,ft:0,n_layer:3,he:8,hd:64,lr:0.005,wd:0.001,dp:0.7,R:10.0,59.23 ± 1.33,60.20 ± 1.06
regcn,ft:0,n_layer:3,he:8,hd:64,lr:0.005,wd:0.001,dp:0.7,R:100.0,42.97 ± 14.79,51.60 ± 8.33
regcn,ft:0,n_layer:3,he:8,hd:64,lr:0.005,wd:0.005,dp:0.2,R:1.0,58.11 ± 1.31,58.81 ± 0.74
regcn,ft:0,n_layer:3,he:8,hd:64,lr:0.005,wd:0.005,dp:0.2,R:10.0,56.24 ± 3.24,57.71 ± 1.96
regcn,ft:0,n_layer:3,he:8,hd:64,lr:0.005,wd:0.005,dp:0.2,R:100.0,49.12 ± 6.18,52.90 ± 3.47
regcn,ft:0,n_layer:3,he:8,hd:64,lr:0.005,wd:0.005,dp:0.5,R:1.0,58.78 ± 0.80,59.50 ± 0.68
regcn,ft:0,n_layer:3,he:8,hd:64,lr:0.005,wd:0.005,dp:0.5,R:10.0,58.94 ± 0.74,59.41 ± 0.67
regcn,ft:0,n_layer:3,he:8,hd:64,lr:0.005,wd:0.005,dp:0.5,R:100.0,56.63 ± 4.06,58.33 ± 2.82
regcn,ft:0,n_layer:3,he:8,hd:64,lr:0.005,wd:0.005,dp:0.7,R:1.0,54.72 ± 3.42,57.35 ± 1.84
regcn,ft:0,n_layer:3,he:8,hd:64,lr:0.005,wd:0.005,dp:0.7,R:10.0,56.18 ± 4.24,58.26 ± 2.09
regcn,ft:0,n_layer:3,he:8,hd:64,lr:0.005,wd:0.005,dp:0.7,R:100.0,25.24 ± 11.72,39.98 ± 6.51
regcn,ft:0,n_layer:4,he:8,hd:64,lr:0.001,wd:0.0,dp:0.2,R:1.0,55.10 ± 4.31,57.35 ± 2.24
regcn,ft:0,n_layer:4,he:8,hd:64,lr:0.001,wd:0.0,dp:0.2,R:10.0,54.77 ± 4.19,57.16 ± 2.17
regcn,ft:0,n_layer:4,he:8,hd:64,lr:0.001,wd:0.0,dp:0.2,R:100.0,41.17 ± 5.59,49.80 ± 3.21
regcn,ft:0,n_layer:4,he:8,hd:64,lr:0.001,wd:0.0,dp:0.5,R:1.0,55.05 ± 4.44,57.49 ± 2.11
regcn,ft:0,n_layer:4,he:8,hd:64,lr:0.001,wd:0.0,dp:0.5,R:10.0,56.17 ± 4.70,58.20 ± 2.28
regcn,ft:0,n_layer:4,he:8,hd:64,lr:0.001,wd:0.0,dp:0.5,R:100.0,56.95 ± 2.88,58.46 ± 1.51
regcn,ft:0,n_layer:4,he:8,hd:64,lr:0.001,wd:0.0,dp:0.7,R:1.0,33.89 ± 4.25,45.84 ± 3.64
regcn,ft:0,n_layer:4,he:8,hd:64,lr:0.001,wd:0.0,dp:0.7,R:10.0,29.56 ± 4.15,42.42 ± 2.63
regcn,ft:0,n_layer:4,he:8,hd:64,lr:0.001,wd:0.0,dp:0.7,R:100.0,20.59 ± 3.86,37.01 ± 1.04
regcn,ft:0,n_layer:4,he:8,hd:64,lr:0.001,wd:0.0005,dp:0.2,R:1.0,56.04 ± 4.39,57.93 ± 2.21
regcn,ft:0,n_layer:4,he:8,hd:64,lr:0.001,wd:0.0005,dp:0.2,R:10.0,55.66 ± 4.21,57.67 ± 2.19
regcn,ft:0,n_layer:4,he:8,hd:64,lr:0.001,wd:0.0005,dp:0.2,R:100.0,41.38 ± 6.47,49.80 ± 3.81
regcn,ft:0,n_layer:4,he:8,hd:64,lr:0.001,wd:0.0005,dp:0.5,R:1.0,55.59 ± 3.85,57.75 ± 1.87
regcn,ft:0,n_layer:4,he:8,hd:64,lr:0.001,wd:0.0005,dp:0.5,R:10.0,56.60 ± 3.58,58.41 ± 1.87
regcn,ft:0,n_layer:4,he:8,hd:64,lr:0.001,wd:0.0005,dp:0.5,R:100.0,58.26 ± 2.27,59.29 ± 1.26
regcn,ft:0,n_layer:4,he:8,hd:64,lr:0.001,wd:0.0005,dp:0.7,R:1.0,34.01 ± 4.13,45.92 ± 3.56
regcn,ft:0,n_layer:4,he:8,hd:64,lr:0.001,wd:0.0005,dp:0.7,R:10.0,31.39 ± 3.64,43.48 ± 2.75
regcn,ft:0,n_layer:4,he:8,hd:64,lr:0.001,wd:0.0005,dp:0.7,R:100.0,20.53 ± 3.89,37.01 ± 1.12
regcn,ft:0,n_layer:4,he:8,hd:64,lr:0.001,wd:0.001,dp:0.2,R:1.0,56.53 ± 4.27,58.29 ± 2.27
regcn,ft:0,n_layer:4,he:8,hd:64,lr:0.001,wd:0.001,dp:0.2,R:10.0,55.82 ± 4.16,57.69 ± 2.15
regcn,ft:0,n_layer:4,he:8,hd:64,lr:0.001,wd:0.001,dp:0.2,R:100.0,41.97 ± 7.68,49.85 ± 4.34
regcn,ft:0,n_layer:4,he:8,hd:64,lr:0.001,wd:0.001,dp:0.5,R:1.0,55.45 ± 4.65,57.83 ± 2.25
regcn,ft:0,n_layer:4,he:8,hd:64,lr:0.001,wd:0.001,dp:0.5,R:10.0,55.89 ± 4.96,58.09 ± 2.52
regcn,ft:0,n_layer:4,he:8,hd:64,lr:0.001,wd:0.001,dp:0.5,R:100.0,57.08 ± 5.58,58.70 ± 2.94
regcn,ft:0,n_layer:4,he:8,hd:64,lr:0.001,wd:0.001,dp:0.7,R:1.0,33.91 ± 4.22,45.88 ± 3.69
regcn,ft:0,n_layer:4,he:8,hd:64,lr:0.001,wd:0.001,dp:0.7,R:10.0,31.77 ± 3.54,43.76 ± 2.82
regcn,ft:0,n_layer:4,he:8,hd:64,lr:0.001,wd:0.001,dp:0.7,R:100.0,20.50 ± 3.85,37.00 ± 1.05
regcn,ft:0,n_layer:4,he:8,hd:64,lr:0.001,wd:0.005,dp:0.2,R:1.0,53.53 ± 4.33,56.23 ± 2.28
regcn,ft:0,n_layer:4,he:8,hd:64,lr:0.001,wd:0.005,dp:0.2,R:10.0,55.00 ± 4.36,57.04 ± 2.26
regcn,ft:0,n_layer:4,he:8,hd:64,lr:0.001,wd:0.005,dp:0.2,R:100.0,42.57 ± 9.06,49.38 ± 5.64
regcn,ft:0,n_layer:4,he:8,hd:64,lr:0.001,wd:0.005,dp:0.5,R:1.0,51.84 ± 4.84,55.46 ± 2.66
regcn,ft:0,n_layer:4,he:8,hd:64,lr:0.001,wd:0.005,dp:0.5,R:10.0,54.06 ± 5.08,56.85 ± 2.67
regcn,ft:0,n_layer:4,he:8,hd:64,lr:0.001,wd:0.005,dp:0.5,R:100.0,58.70 ± 1.52,59.48 ± 1.20
regcn,ft:0,n_layer:4,he:8,hd:64,lr:0.001,wd:0.005,dp:0.7,R:1.0,32.47 ± 4.93,44.56 ± 3.90
regcn,ft:0,n_layer:4,he:8,hd:64,lr:0.001,wd:0.005,dp:0.7,R:10.0,28.96 ± 4.18,41.94 ± 2.70
regcn,ft:0,n_layer:4,he:8,hd:64,lr:0.001,wd:0.005,dp:0.7,R:100.0,20.54 ± 4.45,37.24 ± 0.81
regcn,ft:0,n_layer:4,he:8,hd:64,lr:0.005,wd:0.0,dp:0.2,R:1.0,50.76 ± 6.73,55.17 ± 3.67
regcn,ft:0,n_layer:4,he:8,hd:64,lr:0.005,wd:0.0,dp:0.2,R:10.0,49.95 ± 7.58,54.49 ± 4.71
regcn,ft:0,n_layer:4,he:8,hd:64,lr:0.005,wd:0.0,dp:0.2,R:100.0,39.07 ± 9.63,47.23 ± 5.50
regcn,ft:0,n_layer:4,he:8,hd:64,lr:0.005,wd:0.0,dp:0.5,R:1.0,54.88 ± 6.27,57.47 ± 3.16
regcn,ft:0,n_layer:4,he:8,hd:64,lr:0.005,wd:0.0,dp:0.5,R:10.0,55.20 ± 5.93,57.84 ± 2.94
regcn,ft:0,n_layer:4,he:8,hd:64,lr:0.005,wd:0.0,dp:0.5,R:100.0,54.01 ± 6.67,56.37 ± 4.04
regcn,ft:0,n_layer:4,he:8,hd:64,lr:0.005,wd:0.0,dp:0.7,R:1.0,43.30 ± 10.96,51.17 ± 6.29
regcn,ft:0,n_layer:4,he:8,hd:64,lr:0.005,wd:0.0,dp:0.7,R:10.0,29.53 ± 8.93,41.44 ± 5.05
regcn,ft:0,n_layer:4,he:8,hd:64,lr:0.005,wd:0.0,dp:0.7,R:100.0,35.27 ± 9.52,47.30 ± 6.16
regcn,ft:0,n_layer:4,he:8,hd:64,lr:0.005,wd:0.0005,dp:0.2,R:1.0,49.81 ± 7.64,54.40 ± 4.55
regcn,ft:0,n_layer:4,he:8,hd:64,lr:0.005,wd:0.0005,dp:0.2,R:10.0,51.31 ± 7.89,55.28 ± 4.78
regcn,ft:0,n_layer:4,he:8,hd:64,lr:0.005,wd:0.0005,dp:0.2,R:100.0,42.12 ± 12.32,48.80 ± 7.35
regcn,ft:0,n_layer:4,he:8,hd:64,lr:0.005,wd:0.0005,dp:0.5,R:1.0,54.48 ± 5.70,57.14 ± 2.73
regcn,ft:0,n_layer:4,he:8,hd:64,lr:0.005,wd:0.0005,dp:0.5,R:10.0,55.15 ± 6.47,57.94 ± 3.24
regcn,ft:0,n_layer:4,he:8,hd:64,lr:0.005,wd:0.0005,dp:0.5,R:100.0,53.99 ± 7.26,56.43 ± 4.49
regcn,ft:0,n_layer:4,he:8,hd:64,lr:0.005,wd:0.0005,dp:0.7,R:1.0,43.72 ± 6.55,50.26 ± 4.20
regcn,ft:0,n_layer:4,he:8,hd:64,lr:0.005,wd:0.0005,dp:0.7,R:10.0,27.15 ± 5.02,40.22 ± 2.32
regcn,ft:0,n_layer:4,he:8,hd:64,lr:0.005,wd:0.0005,dp:0.7,R:100.0,23.44 ± 7.13,38.88 ± 4.33
regcn,ft:0,n_layer:4,he:8,hd:64,lr:0.005,wd:0.001,dp:0.2,R:1.0,53.87 ± 4.18,56.53 ± 2.65
regcn,ft:0,n_layer:4,he:8,hd:64,lr:0.005,wd:0.001,dp:0.2,R:10.0,50.67 ± 6.93,54.95 ± 4.12
regcn,ft:0,n_layer:4,he:8,hd:64,lr:0.005,wd:0.001,dp:0.2,R:100.0,43.23 ± 12.44,49.26 ± 7.20
regcn,ft:0,n_layer:4,he:8,hd:64,lr:0.005,wd:0.001,dp:0.5,R:1.0,55.89 ± 6.06,58.06 ± 2.87
regcn,ft:0,n_layer:4,he:8,hd:64,lr:0.005,wd:0.001,dp:0.5,R:10.0,54.70 ± 6.47,57.35 ± 3.23
regcn,ft:0,n_layer:4,he:8,hd:64,lr:0.005,wd:0.001,dp:0.5,R:100.0,54.99 ± 6.12,57.37 ± 3.23
regcn,ft:0,n_layer:4,he:8,hd:64,lr:0.005,wd:0.001,dp:0.7,R:1.0,47.48 ± 5.51,51.96 ± 4.42
regcn,ft:0,n_layer:4,he:8,hd:64,lr:0.005,wd:0.001,dp:0.7,R:10.0,27.05 ± 4.85,40.11 ± 2.19
regcn,ft:0,n_layer:4,he:8,hd:64,lr:0.005,wd:0.001,dp:0.7,R:100.0,19.16 ± 3.60,37.12 ± 0.84
regcn,ft:0,n_layer:4,he:8,hd:64,lr:0.005,wd:0.005,dp:0.2,R:1.0,52.51 ± 5.60,55.59 ± 2.66
regcn,ft:0,n_layer:4,he:8,hd:64,lr:0.005,wd:0.005,dp:0.2,R:10.0,52.89 ± 5.27,55.91 ± 2.44
regcn,ft:0,n_layer:4,he:8,hd:64,lr:0.005,wd:0.005,dp:0.2,R:100.0,47.24 ± 8.04,50.97 ± 4.68
regcn,ft:0,n_layer:4,he:8,hd:64,lr:0.005,wd:0.005,dp:0.5,R:1.0,51.85 ± 5.78,55.75 ± 2.47
regcn,ft:0,n_layer:4,he:8,hd:64,lr:0.005,wd:0.005,dp:0.5,R:10.0,53.21 ± 6.22,56.66 ± 2.90
regcn,ft:0,n_layer:4,he:8,hd:64,lr:0.005,wd:0.005,dp:0.5,R:100.0,55.20 ± 3.94,57.23 ± 2.24
regcn,ft:0,n_layer:4,he:8,hd:64,lr:0.005,wd:0.005,dp:0.7,R:1.0,39.77 ± 5.63,47.42 ± 4.81
regcn,ft:0,n_layer:4,he:8,hd:64,lr:0.005,wd:0.005,dp:0.7,R:10.0,24.90 ± 5.09,39.25 ± 2.34
regcn,ft:0,n_layer:4,he:8,hd:64,lr:0.005,wd:0.005,dp:0.7,R:100.0,17.99 ± 0.00,36.95 ± 0.00
regcn,ft:0,n_layer:5,he:8,hd:64,lr:0.001,wd:0.0,dp:0.2,R:1.0,54.68 ± 4.25,57.29 ± 2.19
regcn,ft:0,n_layer:5,he:8,hd:64,lr:0.001,wd:0.0,dp:0.2,R:10.0,54.88 ± 4.01,57.34 ± 2.08
regcn,ft:0,n_layer:5,he:8,hd:64,lr:0.001,wd:0.0,dp:0.2,R:100.0,43.55 ± 7.69,51.07 ± 4.02
regcn,ft:0,n_layer:5,he:8,hd:64,lr:0.001,wd:0.0,dp:0.5,R:1.0,54.66 ± 3.97,57.39 ± 2.03
regcn,ft:0,n_layer:5,he:8,hd:64,lr:0.001,wd:0.0,dp:0.5,R:10.0,54.78 ± 4.08,57.58 ± 2.14
regcn,ft:0,n_layer:5,he:8,hd:64,lr:0.001,wd:0.0,dp:0.5,R:100.0,57.73 ± 1.83,58.96 ± 0.96
regcn,ft:0,n_layer:5,he:8,hd:64,lr:0.001,wd:0.0,dp:0.7,R:1.0,20.05 ± 2.01,36.85 ± 0.60
regcn,ft:0,n_layer:5,he:8,hd:64,lr:0.001,wd:0.0,dp:0.7,R:10.0,20.39 ± 3.40,37.24 ± 1.14
regcn,ft:0,n_layer:5,he:8,hd:64,lr:0.001,wd:0.0,dp:0.7,R:100.0,20.11 ± 3.49,37.17 ± 0.86
regcn,ft:0,n_layer:5,he:8,hd:64,lr:0.001,wd:0.0005,dp:0.2,R:1.0,55.53 ± 3.69,57.77 ± 1.97
regcn,ft:0,n_layer:5,he:8,hd:64,lr:0.001,wd:0.0005,dp:0.2,R:10.0,55.52 ± 4.58,57.86 ± 2.37
regcn,ft:0,n_layer:5,he:8,hd:64,lr:0.001,wd:0.0005,dp:0.2,R:100.0,42.66 ± 7.40,50.38 ± 3.95
regcn,ft:0,n_layer:5,he:8,hd:64,lr:0.001,wd:0.0005,dp:0.5,R:1.0,54.63 ± 3.65,57.58 ± 1.67
regcn,ft:0,n_layer:5,he:8,hd:64,lr:0.001,wd:0.0005,dp:0.5,R:10.0,56.70 ± 2.71,58.67 ± 1.48
regcn,ft:0,n_layer:5,he:8,hd:64,lr:0.001,wd:0.0005,dp:0.5,R:100.0,58.00 ± 1.76,59.26 ± 0.96
regcn,ft:0,n_layer:5,he:8,hd:64,lr:0.001,wd:0.0005,dp:0.7,R:1.0,20.05 ± 2.05,36.85 ± 0.54
regcn,ft:0,n_layer:5,he:8,hd:64,lr:0.001,wd:0.0005,dp:0.7,R:10.0,20.39 ± 2.83,37.12 ± 0.91
regcn,ft:0,n_layer:5,he:8,hd:64,lr:0.001,wd:0.0005,dp:0.7,R:100.0,20.09 ± 3.50,37.17 ± 0.90
regcn,ft:0,n_layer:5,he:8,hd:64,lr:0.001,wd:0.001,dp:0.2,R:1.0,55.74 ± 4.15,57.89 ± 2.29
regcn,ft:0,n_layer:5,he:8,hd:64,lr:0.001,wd:0.001,dp:0.2,R:10.0,55.70 ± 4.47,57.88 ± 2.46
regcn,ft:0,n_layer:5,he:8,hd:64,lr:0.001,wd:0.001,dp:0.2,R:100.0,42.91 ± 7.70,50.16 ± 4.16
regcn,ft:0,n_layer:5,he:8,hd:64,lr:0.001,wd:0.001,dp:0.5,R:1.0,54.42 ± 3.82,57.51 ± 1.91
regcn,ft:0,n_layer:5,he:8,hd:64,lr:0.001,wd:0.001,dp:0.5,R:10.0,56.49 ± 3.53,58.71 ± 1.70
regcn,ft:0,n_layer:5,he:8,hd:64,lr:0.001,wd:0.001,dp:0.5,R:100.0,57.70 ± 3.27,59.18 ± 1.69
regcn,ft:0,n_layer:5,he:8,hd:64,lr:0.001,wd:0.001,dp:0.7,R:1.0,19.68 ± 1.79,36.80 ± 0.62
regcn,ft:0,n_layer:5,he:8,hd:64,lr:0.001,wd:0.001,dp:0.7,R:10.0,20.38 ± 2.85,37.15 ± 0.85
regcn,ft:0,n_layer:5,he:8,hd:64,lr:0.001,wd:0.001,dp:0.7,R:100.0,20.05 ± 3.50,37.15 ± 0.92
regcn,ft:0,n_layer:5,he:8,hd:64,lr:0.001,wd:0.005,dp:0.2,R:1.0,52.43 ± 5.10,55.94 ± 2.53
regcn,ft:0,n_layer:5,he:8,hd:64,lr:0.001,wd:0.005,dp:0.2,R:10.0,53.17 ± 5.69,56.38 ± 2.84
regcn,ft:0,n_layer:5,he:8,hd:64,lr:0.001,wd:0.005,dp:0.2,R:100.0,43.87 ± 4.65,49.80 ± 2.37
regcn,ft:0,n_layer:5,he:8,hd:64,lr:0.001,wd:0.005,dp:0.5,R:1.0,52.13 ± 6.36,56.40 ± 2.94
regcn,ft:0,n_layer:5,he:8,hd:64,lr:0.001,wd:0.005,dp:0.5,R:10.0,53.65 ± 6.11,57.42 ± 2.79
regcn,ft:0,n_layer:5,he:8,hd:64,lr:0.001,wd:0.005,dp:0.5,R:100.0,57.82 ± 2.78,59.39 ± 1.63
regcn,ft:0,n_layer:5,he:8,hd:64,lr:0.001,wd:0.005,dp:0.7,R:1.0,19.30 ± 2.12,37.00 ± 0.73
regcn,ft:0,n_layer:5,he:8,hd:64,lr:0.001,wd:0.005,dp:0.7,R:10.0,20.33 ± 2.94,37.37 ± 0.87
regcn,ft:0,n_layer:5,he:8,hd:64,lr:0.001,wd:0.005,dp:0.7,R:100.0,20.03 ± 3.45,37.14 ± 0.89
regcn,ft:0,n_layer:5,he:8,hd:64,lr:0.005,wd:0.0,dp:0.2,R:1.0,52.29 ± 5.88,55.95 ± 3.30
regcn,ft:0,n_layer:5,he:8,hd:64,lr:0.005,wd:0.0,dp:0.2,R:10.0,49.61 ± 7.00,54.84 ± 3.42
regcn,ft:0,n_layer:5,he:8,hd:64,lr:0.005,wd:0.0,dp:0.2,R:100.0,39.38 ± 11.14,46.75 ± 6.24
regcn,ft:0,n_layer:5,he:8,hd:64,lr:0.005,wd:0.0,dp:0.5,R:1.0,55.05 ± 2.95,57.46 ± 1.63
regcn,ft:0,n_layer:5,he:8,hd:64,lr:0.005,wd:0.0,dp:0.5,R:10.0,54.50 ± 4.25,57.25 ± 2.19
regcn,ft:0,n_layer:5,he:8,hd:64,lr:0.005,wd:0.0,dp:0.5,R:100.0,52.92 ± 8.14,56.29 ± 4.65
regcn,ft:0,n_layer:5,he:8,hd:64,lr:0.005,wd:0.0,dp:0.7,R:1.0,21.06 ± 4.23,37.62 ± 1.74
regcn,ft:0,n_layer:5,he:8,hd:64,lr:0.005,wd:0.0,dp:0.7,R:10.0,19.20 ± 2.65,37.04 ± 0.83
regcn,ft:0,n_layer:5,he:8,hd:64,lr:0.005,wd:0.0,dp:0.7,R:100.0,19.17 ± 3.51,37.29 ± 1.01
regcn,ft:0,n_layer:5,he:8,hd:64,lr:0.005,wd:0.0005,dp:0.2,R:1.0,52.30 ± 5.02,55.99 ± 2.74
regcn,ft:0,n_layer:5,he:8,hd:64,lr:0.005,wd:0.0005,dp:0.2,R:10.0,52.31 ± 6.91,55.87 ± 3.89
regcn,ft:0,n_layer:5,he:8,hd:64,lr:0.005,wd:0.0005,dp:0.2,R:100.0,40.43 ± 9.16,47.65 ± 5.70
regcn,ft:0,n_layer:5,he:8,hd:64,lr:0.005,wd:0.0005,dp:0.5,R:1.0,53.96 ± 3.40,57.14 ± 1.55
regcn,ft:0,n_layer:5,he:8,hd:64,lr:0.005,wd:0.0005,dp:0.5,R:10.0,55.09 ± 2.89,57.62 ± 1.67
regcn,ft:0,n_layer:5,he:8,hd:64,lr:0.005,wd:0.0005,dp:0.5,R:100.0,53.66 ± 5.27,56.49 ± 2.83
regcn,ft:0,n_layer:5,he:8,hd:64,lr:0.005,wd:0.0005,dp:0.7,R:1.0,20.29 ± 3.27,36.91 ± 1.12
regcn,ft:0,n_layer:5,he:8,hd:64,lr:0.005,wd:0.0005,dp:0.7,R:10.0,19.92 ± 2.92,37.05 ± 0.89
regcn,ft:0,n_layer:5,he:8,hd:64,lr:0.005,wd:0.0005,dp:0.7,R:100.0,19.00 ± 3.05,37.19 ± 0.72
regcn,ft:0,n_layer:5,he:8,hd:64,lr:0.005,wd:0.001,dp:0.2,R:1.0,49.52 ± 6.13,54.50 ± 3.38
regcn,ft:0,n_layer:5,he:8,hd:64,lr:0.005,wd:0.001,dp:0.2,R:10.0,51.29 ± 5.93,55.31 ± 3.31
regcn,ft:0,n_layer:5,he:8,hd:64,lr:0.005,wd:0.001,dp:0.2,R:100.0,42.54 ± 8.91,48.70 ± 5.50
regcn,ft:0,n_layer:5,he:8,hd:64,lr:0.005,wd:0.001,dp:0.5,R:1.0,54.09 ± 3.25,57.17 ± 1.56
regcn,ft:0,n_layer:5,he:8,hd:64,lr:0.005,wd:0.001,dp:0.5,R:10.0,56.10 ± 2.73,58.41 ± 1.39
regcn,ft:0,n_layer:5,he:8,hd:64,lr:0.005,wd:0.001,dp:0.5,R:100.0,53.08 ± 6.84,56.38 ± 3.68
regcn,ft:0,n_layer:5,he:8,hd:64,lr:0.005,wd:0.001,dp:0.7,R:1.0,19.98 ± 3.30,36.90 ± 1.08
regcn,ft:0,n_layer:5,he:8,hd:64,lr:0.005,wd:0.001,dp:0.7,R:10.0,20.31 ± 4.19,37.35 ± 1.39
regcn,ft:0,n_layer:5,he:8,hd:64,lr:0.005,wd:0.001,dp:0.7,R:100.0,19.18 ± 3.59,37.21 ± 0.78
regcn,ft:0,n_layer:5,he:8,hd:64,lr:0.005,wd:0.005,dp:0.2,R:1.0,50.76 ± 6.79,55.14 ± 3.03
regcn,ft:0,n_layer:5,he:8,hd:64,lr:0.005,wd:0.005,dp:0.2,R:10.0,49.15 ± 8.54,54.05 ± 4.33
regcn,ft:0,n_layer:5,he:8,hd:64,lr:0.005,wd:0.005,dp:0.2,R:100.0,45.54 ± 9.05,51.36 ± 4.95
regcn,ft:0,n_layer:5,he:8,hd:64,lr:0.005,wd:0.005,dp:0.5,R:1.0,49.06 ± 6.49,54.74 ± 2.59
regcn,ft:0,n_layer:5,he:8,hd:64,lr:0.005,wd:0.005,dp:0.5,R:10.0,50.09 ± 7.30,55.53 ± 3.02
regcn,ft:0,n_layer:5,he:8,hd:64,lr:0.005,wd:0.005,dp:0.5,R:100.0,57.94 ± 2.81,59.30 ± 1.74
regcn,ft:0,n_layer:5,he:8,hd:64,lr:0.005,wd:0.005,dp:0.7,R:1.0,20.93 ± 3.32,37.16 ± 1.08
regcn,ft:0,n_layer:5,he:8,hd:64,lr:0.005,wd:0.005,dp:0.7,R:10.0,18.26 ± 0.43,36.66 ± 0.35
regcn,ft:0,n_layer:5,he:8,hd:64,lr:0.005,wd:0.005,dp:0.7,R:100.0,17.99 ± 0.00,36.95 ± 0.00
regcn,ft:0,n_layer:3,he:8,hd:64,lr:0.001,wd:0.005,dp:0.6,R:100,59.79 ± 1.04,60.81 ± 0.79
regcn,ft:2,n_layer:3,he:8,hd:64,lr:0.001,wd:0.005,dp:0.6,R:100,59.63 ± 1.20,60.68 ± 0.95
regcn,ft:3,n_layer:3,he:8,hd:64,lr:0.001,wd:0.005,dp:0.6,R:100,48.74 ± 1.80,51.60 ± 0.77
regcn,ft:1,n_layer:3,he:8,hd:64,lr:0.001,wd:0.005,dp:0.6,R:100,61.02 ± 0.91,61.65 ± 0.62
regcn,ft:0,n_layer:3,he:8,hd:64,lr:0.001,wd:0.005,dp:0.6,R:100,59.84 ± 1.10,60.86 ± 1.00
regcn,ft:1,n_layer:3,he:8,hd:64,lr:0.001,wd:0.005,dp:0.6,R:100,60.40 ± 1.43,61.31 ± 0.87
regcn,ft:1,n_layer:3,he:8,hd:64,lr:0.001,wd:0.005,dp:0.6,R:100,61.02 ± 0.91,61.65 ± 0.62
regcn,ft:1,n_layer:3,he:8,hd:64,lr:0.001,wd:0.0,dp:0.2,R:1.0,59.61 ± 0.63,60.42 ± 0.37
regcn,ft:1,n_layer:3,he:8,hd:64,lr:0.001,wd:0.0,dp:0.2,R:10.0,59.58 ± 0.76,60.33 ± 0.66
regcn,ft:1,n_layer:3,he:8,hd:64,lr:0.001,wd:0.0,dp:0.2,R:100.0,52.64 ± 5.07,54.95 ± 3.44
regcn,ft:1,n_layer:3,he:8,hd:64,lr:0.001,wd:0.0,dp:0.5,R:1.0,59.77 ± 0.51,60.59 ± 0.38
regcn,ft:1,n_layer:3,he:8,hd:64,lr:0.001,wd:0.0,dp:0.5,R:10.0,60.02 ± 0.69,60.66 ± 0.49
regcn,ft:1,n_layer:3,he:8,hd:64,lr:0.001,wd:0.0,dp:0.5,R:100.0,59.11 ± 0.99,59.80 ± 0.82
regcn,ft:1,n_layer:3,he:8,hd:64,lr:0.001,wd:0.0,dp:0.7,R:1.0,38.75 ± 3.15,48.57 ± 2.39
regcn,ft:1,n_layer:3,he:8,hd:64,lr:0.001,wd:0.0,dp:0.7,R:10.0,58.36 ± 2.97,59.66 ± 1.72
regcn,ft:1,n_layer:3,he:8,hd:64,lr:0.001,wd:0.0,dp:0.7,R:100.0,25.26 ± 9.11,39.31 ± 4.49
regcn,ft:1,n_layer:3,he:8,hd:64,lr:0.001,wd:0.0005,dp:0.2,R:1.0,60.04 ± 0.89,60.78 ± 0.54
regcn,ft:1,n_layer:3,he:8,hd:64,lr:0.001,wd:0.0005,dp:0.2,R:10.0,59.76 ± 0.72,60.49 ± 0.54
regcn,ft:1,n_layer:3,he:8,hd:64,lr:0.001,wd:0.0005,dp:0.2,R:100.0,51.63 ± 5.05,54.38 ± 3.59
regcn,ft:1,n_layer:3,he:8,hd:64,lr:0.001,wd:0.0005,dp:0.5,R:1.0,60.11 ± 0.49,60.82 ± 0.37
regcn,ft:1,n_layer:3,he:8,hd:64,lr:0.001,wd:0.0005,dp:0.5,R:10.0,60.31 ± 0.57,60.89 ± 0.46
regcn,ft:1,n_layer:3,he:8,hd:64,lr:0.001,wd:0.0005,dp:0.5,R:100.0,59.42 ± 1.03,59.96 ± 0.84
regcn,ft:1,n_layer:3,he:8,hd:64,lr:0.001,wd:0.0005,dp:0.7,R:1.0,37.70 ± 2.75,47.94 ± 2.25
regcn,ft:1,n_layer:3,he:8,hd:64,lr:0.001,wd:0.0005,dp:0.7,R:10.0,59.15 ± 2.30,60.23 ± 1.39
regcn,ft:1,n_layer:3,he:8,hd:64,lr:0.001,wd:0.0005,dp:0.7,R:100.0,26.00 ± 10.60,39.78 ± 5.62
regcn,ft:1,n_layer:3,he:8,hd:64,lr:0.001,wd:0.001,dp:0.2,R:1.0,60.01 ± 0.55,60.74 ± 0.37
regcn,ft:1,n_layer:3,he:8,hd:64,lr:0.001,wd:0.001,dp:0.2,R:10.0,59.85 ± 0.72,60.62 ± 0.50
regcn,ft:1,n_layer:3,he:8,hd:64,lr:0.001,wd:0.001,dp:0.2,R:100.0,52.73 ± 5.12,55.14 ± 3.51
regcn,ft:1,n_layer:3,he:8,hd:64,lr:0.001,wd:0.001,dp:0.5,R:1.0,60.13 ± 0.57,60.88 ± 0.40
regcn,ft:1,n_layer:3,he:8,hd:64,lr:0.001,wd:0.001,dp:0.5,R:10.0,60.29 ± 0.61,60.85 ± 0.51
regcn,ft:1,n_layer:3,he:8,hd:64,lr:0.001,wd:0.001,dp:0.5,R:100.0,59.82 ± 1.01,60.29 ± 0.76
regcn,ft:1,n_layer:3,he:8,hd:64,lr:0.001,wd:0.001,dp:0.7,R:1.0,36.51 ± 2.54,47.09 ± 2.26
regcn,ft:1,n_layer:3,he:8,hd:64,lr:0.001,wd:0.001,dp:0.7,R:10.0,59.19 ± 2.27,60.30 ± 1.34
regcn,ft:1,n_layer:3,he:8,hd:64,lr:0.001,wd:0.001,dp:0.7,R:100.0,30.00 ± 11.37,41.73 ± 7.27
regcn,ft:1,n_layer:3,he:8,hd:64,lr:0.001,wd:0.005,dp:0.2,R:1.0,59.03 ± 0.69,59.80 ± 0.40
regcn,ft:1,n_layer:3,he:8,hd:64,lr:0.001,wd:0.005,dp:0.2,R:10.0,59.77 ± 0.57,60.36 ± 0.39
regcn,ft:1,n_layer:3,he:8,hd:64,lr:0.001,wd:0.005,dp:0.2,R:100.0,52.42 ± 6.14,54.62 ± 4.26
regcn,ft:1,n_layer:3,he:8,hd:64,lr:0.001,wd:0.005,dp:0.5,R:1.0,59.38 ± 1.16,60.18 ± 0.76
regcn,ft:1,n_layer:3,he:8,hd:64,lr:0.001,wd:0.005,dp:0.5,R:10.0,60.12 ± 0.81,60.73 ± 0.54
regcn,ft:1,n_layer:3,he:8,hd:64,lr:0.001,wd:0.005,dp:0.5,R:100.0,59.95 ± 1.31,60.46 ± 1.28
regcn,ft:1,n_layer:3,he:8,hd:64,lr:0.001,wd:0.005,dp:0.7,R:1.0,31.16 ± 3.27,42.99 ± 1.84
regcn,ft:1,n_layer:3,he:8,hd:64,lr:0.001,wd:0.005,dp:0.7,R:10.0,59.16 ± 2.51,60.27 ± 1.51
regcn,ft:1,n_layer:3,he:8,hd:64,lr:0.001,wd:0.005,dp:0.7,R:100.0,30.44 ± 15.12,42.76 ± 8.97
regcn,ft:1,n_layer:3,he:8,hd:64,lr:0.005,wd:0.0,dp:0.2,R:1.0,58.69 ± 1.59,59.85 ± 1.22
regcn,ft:1,n_layer:3,he:8,hd:64,lr:0.005,wd:0.0,dp:0.2,R:10.0,59.51 ± 0.95,60.19 ± 0.65
regcn,ft:1,n_layer:3,he:8,hd:64,lr:0.005,wd:0.0,dp:0.2,R:100.0,53.10 ± 5.29,55.68 ± 3.60
regcn,ft:1,n_layer:3,he:8,hd:64,lr:0.005,wd:0.0,dp:0.5,R:1.0,58.83 ± 2.33,59.97 ± 1.05
regcn,ft:1,n_layer:3,he:8,hd:64,lr:0.005,wd:0.0,dp:0.5,R:10.0,59.65 ± 0.70,60.37 ± 0.51
regcn,ft:1,n_layer:3,he:8,hd:64,lr:0.005,wd:0.0,dp:0.5,R:100.0,58.38 ± 2.07,58.99 ± 1.64
regcn,ft:1,n_layer:3,he:8,hd:64,lr:0.005,wd:0.0,dp:0.7,R:1.0,59.86 ± 1.96,60.84 ± 1.04
regcn,ft:1,n_layer:3,he:8,hd:64,lr:0.005,wd:0.0,dp:0.7,R:10.0,59.00 ± 2.48,60.28 ± 1.37
regcn,ft:1,n_layer:3,he:8,hd:64,lr:0.005,wd:0.0,dp:0.7,R:100.0,49.84 ± 13.02,55.01 ± 7.08
regcn,ft:1,n_layer:3,he:8,hd:64,lr:0.005,wd:0.0005,dp:0.2,R:1.0,58.44 ± 1.54,59.82 ± 0.98
regcn,ft:1,n_layer:3,he:8,hd:64,lr:0.005,wd:0.0005,dp:0.2,R:10.0,60.11 ± 0.72,60.71 ± 0.62
regcn,ft:1,n_layer:3,he:8,hd:64,lr:0.005,wd:0.0005,dp:0.2,R:100.0,54.71 ± 4.93,56.66 ± 3.39
regcn,ft:1,n_layer:3,he:8,hd:64,lr:0.005,wd:0.0005,dp:0.5,R:1.0,58.86 ± 2.25,60.05 ± 1.18
regcn,ft:1,n_layer:3,he:8,hd:64,lr:0.005,wd:0.0005,dp:0.5,R:10.0,59.77 ± 0.89,60.51 ± 0.66
regcn,ft:1,n_layer:3,he:8,hd:64,lr:0.005,wd:0.0005,dp:0.5,R:100.0,59.14 ± 1.30,59.65 ± 1.08
regcn,ft:1,n_layer:3,he:8,hd:64,lr:0.005,wd:0.0005,dp:0.7,R:1.0,59.82 ± 2.86,60.85 ± 1.49
regcn,ft:1,n_layer:3,he:8,hd:64,lr:0.005,wd:0.0005,dp:0.7,R:10.0,59.20 ± 1.40,60.17 ± 1.13
regcn,ft:1,n_layer:3,he:8,hd:64,lr:0.005,wd:0.0005,dp:0.7,R:100.0,51.44 ± 10.24,55.34 ± 6.73
regcn,ft:1,n_layer:3,he:8,hd:64,lr:0.005,wd:0.001,dp:0.2,R:1.0,58.70 ± 1.30,59.97 ± 0.83
regcn,ft:1,n_layer:3,he:8,hd:64,lr:0.005,wd:0.001,dp:0.2,R:10.0,59.91 ± 0.78,60.55 ± 0.53
regcn,ft:1,n_layer:3,he:8,hd:64,lr:0.005,wd:0.001,dp:0.2,R:100.0,53.99 ± 4.92,56.18 ± 3.32
regcn,ft:1,n_layer:3,he:8,hd:64,lr:0.005,wd:0.001,dp:0.5,R:1.0,59.81 ± 0.97,60.59 ± 0.52
regcn,ft:1,n_layer:3,he:8,hd:64,lr:0.005,wd:0.001,dp:0.5,R:10.0,60.03 ± 0.98,60.63 ± 0.71
regcn,ft:1,n_layer:3,he:8,hd:64,lr:0.005,wd:0.001,dp:0.5,R:100.0,58.63 ± 1.76,59.06 ± 1.63
regcn,ft:1,n_layer:3,he:8,hd:64,lr:0.005,wd:0.001,dp:0.7,R:1.0,59.78 ± 1.93,60.77 ± 0.98
regcn,ft:1,n_layer:3,he:8,hd:64,lr:0.005,wd:0.001,dp:0.7,R:10.0,59.21 ± 1.58,60.12 ± 1.28
regcn,ft:1,n_layer:3,he:8,hd:64,lr:0.005,wd:0.001,dp:0.7,R:100.0,46.05 ± 15.51,52.73 ± 8.45
regcn,ft:1,n_layer:3,he:8,hd:64,lr:0.005,wd:0.005,dp:0.2,R:1.0,56.49 ± 3.76,58.30 ± 1.86
regcn,ft:1,n_layer:3,he:8,hd:64,lr:0.005,wd:0.005,dp:0.2,R:10.0,59.07 ± 1.27,59.93 ± 0.90
regcn,ft:1,n_layer:3,he:8,hd:64,lr:0.005,wd:0.005,dp:0.2,R:100.0,52.89 ± 7.38,55.81 ± 4.33
regcn,ft:1,n_layer:3,he:8,hd:64,lr:0.005,wd:0.005,dp:0.5,R:1.0,58.71 ± 1.09,59.57 ± 0.68
regcn,ft:1,n_layer:3,he:8,hd:64,lr:0.005,wd:0.005,dp:0.5,R:10.0,59.51 ± 1.20,60.27 ± 0.89
regcn,ft:1,n_layer:3,he:8,hd:64,lr:0.005,wd:0.005,dp:0.5,R:100.0,58.92 ± 2.10,59.51 ± 1.65
regcn,ft:1,n_layer:3,he:8,hd:64,lr:0.005,wd:0.005,dp:0.7,R:1.0,55.43 ± 3.73,57.20 ± 2.26
regcn,ft:1,n_layer:3,he:8,hd:64,lr:0.005,wd:0.005,dp:0.7,R:10.0,57.04 ± 5.31,58.94 ± 2.58
regcn,ft:1,n_layer:3,he:8,hd:64,lr:0.005,wd:0.005,dp:0.7,R:100.0,18.94 ± 2.85,37.15 ± 0.61
regcn,ft:1,n_layer:4,he:8,hd:64,lr:0.001,wd:0.0,dp:0.2,R:1.0,57.02 ± 3.75,58.91 ± 1.90
regcn,ft:1,n_layer:4,he:8,hd:64,lr:0.001,wd:0.0,dp:0.2,R:10.0,57.91 ± 2.10,59.24 ± 1.29
regcn,ft:1,n_layer:4,he:8,hd:64,lr:0.001,wd:0.0,dp:0.2,R:100.0,49.64 ± 7.00,53.20 ± 4.21
regcn,ft:1,n_layer:4,he:8,hd:64,lr:0.001,wd:0.0,dp:0.5,R:1.0,58.64 ± 2.64,60.12 ± 1.39
regcn,ft:1,n_layer:4,he:8,hd:64,lr:0.001,wd:0.0,dp:0.5,R:10.0,59.44 ± 0.58,60.22 ± 0.37
regcn,ft:1,n_layer:4,he:8,hd:64,lr:0.001,wd:0.0,dp:0.5,R:100.0,58.32 ± 1.67,59.13 ± 1.44
regcn,ft:1,n_layer:4,he:8,hd:64,lr:0.001,wd:0.0,dp:0.7,R:1.0,22.49 ± 4.84,37.69 ± 1.69
regcn,ft:1,n_layer:4,he:8,hd:64,lr:0.001,wd:0.0,dp:0.7,R:10.0,21.69 ± 5.24,37.97 ± 2.00
regcn,ft:1,n_layer:4,he:8,hd:64,lr:0.001,wd:0.0,dp:0.7,R:100.0,20.98 ± 3.71,36.96 ± 0.61
regcn,ft:1,n_layer:4,he:8,hd:64,lr:0.001,wd:0.0005,dp:0.2,R:1.0,57.11 ± 3.45,58.97 ± 1.89
regcn,ft:1,n_layer:4,he:8,hd:64,lr:0.001,wd:0.0005,dp:0.2,R:10.0,58.49 ± 1.69,59.66 ± 1.07
regcn,ft:1,n_layer:4,he:8,hd:64,lr:0.001,wd:0.0005,dp:0.2,R:100.0,51.06 ± 6.09,53.91 ± 3.92
regcn,ft:1,n_layer:4,he:8,hd:64,lr:0.001,wd:0.0005,dp:0.5,R:1.0,58.52 ± 2.08,59.97 ± 1.08
regcn,ft:1,n_layer:4,he:8,hd:64,lr:0.001,wd:0.0005,dp:0.5,R:10.0,59.73 ± 1.01,60.46 ± 0.68
regcn,ft:1,n_layer:4,he:8,hd:64,lr:0.001,wd:0.0005,dp:0.5,R:100.0,58.33 ± 1.61,59.05 ± 1.40
regcn,ft:1,n_layer:4,he:8,hd:64,lr:0.001,wd:0.0005,dp:0.7,R:1.0,21.81 ± 4.78,37.39 ± 1.49
regcn,ft:1,n_layer:4,he:8,hd:64,lr:0.001,wd:0.0005,dp:0.7,R:10.0,21.68 ± 5.58,38.01 ± 2.09
regcn,ft:1,n_layer:4,he:8,hd:64,lr:0.001,wd:0.0005,dp:0.7,R:100.0,20.89 ± 3.59,36.92 ± 0.57
regcn,ft:1,n_layer:4,he:8,hd:64,lr:0.001,wd:0.001,dp:0.2,R:1.0,56.76 ± 4.50,58.82 ± 2.21
regcn,ft:1,n_layer:4,he:8,hd:64,lr:0.001,wd:0.001,dp:0.2,R:10.0,58.15 ± 3.11,59.53 ± 1.85
regcn,ft:1,n_layer:4,he:8,hd:64,lr:0.001,wd:0.001,dp:0.2,R:100.0,50.54 ± 7.82,53.69 ± 4.79
regcn,ft:1,n_layer:4,he:8,hd:64,lr:0.001,wd:0.001,dp:0.5,R:1.0,58.32 ± 2.51,59.80 ± 1.29
regcn,ft:1,n_layer:4,he:8,hd:64,lr:0.001,wd:0.001,dp:0.5,R:10.0,59.88 ± 1.20,60.68 ± 0.71
regcn,ft:1,n_layer:4,he:8,hd:64,lr:0.001,wd:0.001,dp:0.5,R:100.0,58.77 ± 1.44,59.44 ± 1.29
regcn,ft:1,n_layer:4,he:8,hd:64,lr:0.001,wd:0.001,dp:0.7,R:1.0,20.78 ± 4.24,37.34 ± 1.25
regcn,ft:1,n_layer:4,he:8,hd:64,lr:0.001,wd:0.001,dp:0.7,R:10.0,22.85 ± 6.17,38.45 ± 2.40
regcn,ft:1,n_layer:4,he:8,hd:64,lr:0.001,wd:0.001,dp:0.7,R:100.0,20.86 ± 3.56,36.90 ± 0.55
regcn,ft:1,n_layer:4,he:8,hd:64,lr:0.001,wd:0.005,dp:0.2,R:1.0,54.46 ± 5.83,57.21 ± 2.85
regcn,ft:1,n_layer:4,he:8,hd:64,lr:0.001,wd:0.005,dp:0.2,R:10.0,58.16 ± 2.17,59.33 ± 1.20
regcn,ft:1,n_layer:4,he:8,hd:64,lr:0.001,wd:0.005,dp:0.2,R:100.0,51.72 ± 5.64,54.03 ± 3.72
regcn,ft:1,n_layer:4,he:8,hd:64,lr:0.001,wd:0.005,dp:0.5,R:1.0,54.79 ± 5.96,57.79 ± 2.72
regcn,ft:1,n_layer:4,he:8,hd:64,lr:0.001,wd:0.005,dp:0.5,R:10.0,59.37 ± 1.90,60.20 ± 1.25
regcn,ft:1,n_layer:4,he:8,hd:64,lr:0.001,wd:0.005,dp:0.5,R:100.0,59.48 ± 0.94,59.99 ± 0.73
regcn,ft:1,n_layer:4,he:8,hd:64,lr:0.001,wd:0.005,dp:0.7,R:1.0,20.49 ± 5.04,37.26 ± 1.41
regcn,ft:1,n_layer:4,he:8,hd:64,lr:0.001,wd:0.005,dp:0.7,R:10.0,19.29 ± 2.30,37.00 ± 0.68
regcn,ft:1,n_layer:4,he:8,hd:64,lr:0.001,wd:0.005,dp:0.7,R:100.0,20.76 ± 3.39,36.88 ± 0.51
regcn,ft:1,n_layer:4,he:8,hd:64,lr:0.005,wd:0.0,dp:0.2,R:1.0,49.12 ± 5.57,54.63 ± 2.75
regcn,ft:1,n_layer:4,he:8,hd:64,lr:0.005,wd:0.0,dp:0.2,R:10.0,54.70 ± 4.27,57.45 ± 2.30
regcn,ft:1,n_layer:4,he:8,hd:64,lr:0.005,wd:0.0,dp:0.2,R:100.0,42.48 ± 13.25,49.14 ± 7.20
regcn,ft:1,n_layer:4,he:8,hd:64,lr:0.005,wd:0.0,dp:0.5,R:1.0,57.75 ± 2.08,59.20 ± 1.11
regcn,ft:1,n_layer:4,he:8,hd:64,lr:0.005,wd:0.0,dp:0.5,R:10.0,58.33 ± 1.58,59.31 ± 1.51
regcn,ft:1,n_layer:4,he:8,hd:64,lr:0.005,wd:0.0,dp:0.5,R:100.0,57.86 ± 2.04,58.56 ± 1.73
regcn,ft:1,n_layer:4,he:8,hd:64,lr:0.005,wd:0.0,dp:0.7,R:1.0,29.97 ± 11.74,41.76 ± 6.71
regcn,ft:1,n_layer:4,he:8,hd:64,lr:0.005,wd:0.0,dp:0.7,R:10.0,20.46 ± 2.98,37.46 ± 1.16
regcn,ft:1,n_layer:4,he:8,hd:64,lr:0.005,wd:0.0,dp:0.7,R:100.0,24.27 ± 6.47,39.46 ± 3.21
regcn,ft:1,n_layer:4,he:8,hd:64,lr:0.005,wd:0.0005,dp:0.2,R:1.0,48.21 ± 4.93,54.29 ± 2.38
regcn,ft:1,n_layer:4,he:8,hd:64,lr:0.005,wd:0.0005,dp:0.2,R:10.0,54.21 ± 3.26,57.16 ± 1.66
regcn,ft:1,n_layer:4,he:8,hd:64,lr:0.005,wd:0.0005,dp:0.2,R:100.0,44.93 ± 12.57,49.82 ± 6.77
regcn,ft:1,n_layer:4,he:8,hd:64,lr:0.005,wd:0.0005,dp:0.5,R:1.0,56.91 ± 3.05,58.61 ± 1.91
regcn,ft:1,n_layer:4,he:8,hd:64,lr:0.005,wd:0.0005,dp:0.5,R:10.0,56.76 ± 4.89,58.41 ± 3.11
regcn,ft:1,n_layer:4,he:8,hd:64,lr:0.005,wd:0.0005,dp:0.5,R:100.0,57.40 ± 2.94,58.31 ± 1.72
regcn,ft:1,n_layer:4,he:8,hd:64,lr:0.005,wd:0.0005,dp:0.7,R:1.0,29.02 ± 11.85,40.95 ± 6.07
regcn,ft:1,n_layer:4,he:8,hd:64,lr:0.005,wd:0.0005,dp:0.7,R:10.0,21.94 ± 4.83,37.82 ± 1.91
regcn,ft:1,n_layer:4,he:8,hd:64,lr:0.005,wd:0.0005,dp:0.7,R:100.0,20.36 ± 4.75,37.42 ± 0.96
regcn,ft:1,n_layer:4,he:8,hd:64,lr:0.005,wd:0.001,dp:0.2,R:1.0,47.17 ± 6.54,53.86 ± 3.05
regcn,ft:1,n_layer:4,he:8,hd:64,lr:0.005,wd:0.001,dp:0.2,R:10.0,53.66 ± 3.39,56.89 ± 1.64
regcn,ft:1,n_layer:4,he:8,hd:64,lr:0.005,wd:0.001,dp:0.2,R:100.0,43.52 ± 13.07,50.01 ± 6.89
regcn,ft:1,n_layer:4,he:8,hd:64,lr:0.005,wd:0.001,dp:0.5,R:1.0,55.62 ± 3.92,58.22 ± 1.84
regcn,ft:1,n_layer:4,he:8,hd:64,lr:0.005,wd:0.001,dp:0.5,R:10.0,57.63 ± 5.09,59.08 ± 3.26
regcn,ft:1,n_layer:4,he:8,hd:64,lr:0.005,wd:0.001,dp:0.5,R:100.0,59.05 ± 1.18,59.51 ± 1.12
regcn,ft:1,n_layer:4,he:8,hd:64,lr:0.005,wd:0.001,dp:0.7,R:1.0,23.68 ± 9.34,38.87 ± 4.07
regcn,ft:1,n_layer:4,he:8,hd:64,lr:0.005,wd:0.001,dp:0.7,R:10.0,22.79 ± 5.72,38.22 ± 2.24
regcn,ft:1,n_layer:4,he:8,hd:64,lr:0.005,wd:0.001,dp:0.7,R:100.0,18.76 ± 2.31,37.08 ± 0.41
regcn,ft:1,n_layer:4,he:8,hd:64,lr:0.005,wd:0.005,dp:0.2,R:1.0,45.04 ± 7.19,52.66 ± 3.23
regcn,ft:1,n_layer:4,he:8,hd:64,lr:0.005,wd:0.005,dp:0.2,R:10.0,53.06 ± 5.00,56.56 ± 2.46
regcn,ft:1,n_layer:4,he:8,hd:64,lr:0.005,wd:0.005,dp:0.2,R:100.0,45.71 ± 13.85,51.35 ± 8.32
regcn,ft:1,n_layer:4,he:8,hd:64,lr:0.005,wd:0.005,dp:0.5,R:1.0,52.53 ± 5.89,56.10 ± 2.79
regcn,ft:1,n_layer:4,he:8,hd:64,lr:0.005,wd:0.005,dp:0.5,R:10.0,58.55 ± 3.54,59.62 ± 1.76
regcn,ft:1,n_layer:4,he:8,hd:64,lr:0.005,wd:0.005,dp:0.5,R:100.0,57.62 ± 2.04,58.28 ± 1.82
regcn,ft:1,n_layer:4,he:8,hd:64,lr:0.005,wd:0.005,dp:0.7,R:1.0,21.02 ± 4.86,37.12 ± 1.08
regcn,ft:1,n_layer:4,he:8,hd:64,lr:0.005,wd:0.005,dp:0.7,R:10.0,21.77 ± 4.92,37.85 ± 1.72
regcn,ft:1,n_layer:4,he:8,hd:64,lr:0.005,wd:0.005,dp:0.7,R:100.0,18.75 ± 2.28,37.11 ± 0.50
regcn,ft:1,n_layer:5,he:8,hd:64,lr:0.001,wd:0.0,dp:0.2,R:1.0,55.30 ± 3.97,57.93 ± 2.00
regcn,ft:1,n_layer:5,he:8,hd:64,lr:0.001,wd:0.0,dp:0.2,R:10.0,56.04 ± 3.50,58.29 ± 2.13
regcn,ft:1,n_layer:5,he:8,hd:64,lr:0.001,wd:0.0,dp:0.2,R:100.0,53.80 ± 3.02,55.76 ± 2.29
regcn,ft:1,n_layer:5,he:8,hd:64,lr:0.001,wd:0.0,dp:0.5,R:1.0,54.82 ± 5.38,57.75 ± 3.10
regcn,ft:1,n_layer:5,he:8,hd:64,lr:0.001,wd:0.0,dp:0.5,R:10.0,56.82 ± 4.14,58.72 ± 2.38
regcn,ft:1,n_layer:5,he:8,hd:64,lr:0.001,wd:0.0,dp:0.5,R:100.0,57.17 ± 3.49,58.80 ± 2.19
regcn,ft:1,n_layer:5,he:8,hd:64,lr:0.001,wd:0.0,dp:0.7,R:1.0,21.60 ± 4.74,37.73 ± 1.33
regcn,ft:1,n_layer:5,he:8,hd:64,lr:0.001,wd:0.0,dp:0.7,R:10.0,20.00 ± 4.11,37.43 ± 1.28
regcn,ft:1,n_layer:5,he:8,hd:64,lr:0.001,wd:0.0,dp:0.7,R:100.0,20.00 ± 3.27,37.32 ± 0.68
regcn,ft:1,n_layer:5,he:8,hd:64,lr:0.001,wd:0.0005,dp:0.2,R:1.0,55.66 ± 3.85,58.17 ± 1.82
regcn,ft:1,n_layer:5,he:8,hd:64,lr:0.001,wd:0.0005,dp:0.2,R:10.0,56.27 ± 3.92,58.57 ± 2.19
regcn,ft:1,n_layer:5,he:8,hd:64,lr:0.001,wd:0.0005,dp:0.2,R:100.0,53.44 ± 4.28,55.76 ± 3.06
regcn,ft:1,n_layer:5,he:8,hd:64,lr:0.001,wd:0.0005,dp:0.5,R:1.0,54.33 ± 5.96,57.44 ± 3.52
regcn,ft:1,n_layer:5,he:8,hd:64,lr:0.001,wd:0.0005,dp:0.5,R:10.0,56.53 ± 4.36,58.50 ± 2.58
regcn,ft:1,n_layer:5,he:8,hd:64,lr:0.001,wd:0.0005,dp:0.5,R:100.0,56.97 ± 4.27,58.78 ± 2.48
regcn,ft:1,n_layer:5,he:8,hd:64,lr:0.001,wd:0.0005,dp:0.7,R:1.0,21.59 ± 4.73,37.70 ± 1.30
regcn,ft:1,n_layer:5,he:8,hd:64,lr:0.001,wd:0.0005,dp:0.7,R:10.0,19.99 ± 4.04,37.43 ± 1.23
regcn,ft:1,n_layer:5,he:8,hd:64,lr:0.001,wd:0.0005,dp:0.7,R:100.0,19.97 ± 3.28,37.31 ± 0.69
regcn,ft:1,n_layer:5,he:8,hd:64,lr:0.001,wd:0.001,dp:0.2,R:1.0,56.03 ± 4.57,58.34 ± 2.34
regcn,ft:1,n_layer:5,he:8,hd:64,lr:0.001,wd:0.001,dp:0.2,R:10.0,56.16 ± 4.32,58.43 ± 2.42
regcn,ft:1,n_layer:5,he:8,hd:64,lr:0.001,wd:0.001,dp:0.2,R:100.0,53.75 ± 3.69,55.80 ± 2.17
regcn,ft:1,n_layer:5,he:8,hd:64,lr:0.001,wd:0.001,dp:0.5,R:1.0,54.02 ± 5.41,57.19 ± 2.86
regcn,ft:1,n_layer:5,he:8,hd:64,lr:0.001,wd:0.001,dp:0.5,R:10.0,56.63 ± 4.22,58.78 ± 2.60
regcn,ft:1,n_layer:5,he:8,hd:64,lr:0.001,wd:0.001,dp:0.5,R:100.0,57.06 ± 4.38,58.86 ± 2.57
regcn,ft:1,n_layer:5,he:8,hd:64,lr:0.001,wd:0.001,dp:0.7,R:1.0,21.59 ± 4.73,37.71 ± 1.30
regcn,ft:1,n_layer:5,he:8,hd:64,lr:0.001,wd:0.001,dp:0.7,R:10.0,20.00 ± 4.03,37.45 ± 1.24
regcn,ft:1,n_layer:5,he:8,hd:64,lr:0.001,wd:0.001,dp:0.7,R:100.0,19.97 ± 3.27,37.31 ± 0.67
regcn,ft:1,n_layer:5,he:8,hd:64,lr:0.001,wd:0.005,dp:0.2,R:1.0,51.63 ± 5.92,55.88 ± 2.69
regcn,ft:1,n_layer:5,he:8,hd:64,lr:0.001,wd:0.005,dp:0.2,R:10.0,56.34 ± 4.79,58.35 ± 2.69
regcn,ft:1,n_layer:5,he:8,hd:64,lr:0.001,wd:0.005,dp:0.2,R:100.0,53.33 ± 5.07,55.40 ± 3.09
regcn,ft:1,n_layer:5,he:8,hd:64,lr:0.001,wd:0.005,dp:0.5,R:1.0,49.94 ± 6.93,55.17 ± 3.06
regcn,ft:1,n_layer:5,he:8,hd:64,lr:0.001,wd:0.005,dp:0.5,R:10.0,54.12 ± 5.67,57.29 ± 3.00
regcn,ft:1,n_layer:5,he:8,hd:64,lr:0.001,wd:0.005,dp:0.5,R:100.0,58.43 ± 2.82,59.70 ± 1.85
regcn,ft:1,n_layer:5,he:8,hd:64,lr:0.001,wd:0.005,dp:0.7,R:1.0,20.81 ± 3.72,37.28 ± 0.91
regcn,ft:1,n_layer:5,he:8,hd:64,lr:0.001,wd:0.005,dp:0.7,R:10.0,21.12 ± 4.46,37.48 ± 0.95
regcn,ft:1,n_layer:5,he:8,hd:64,lr:0.001,wd:0.005,dp:0.7,R:100.0,19.94 ± 3.25,37.30 ± 0.68
regcn,ft:1,n_layer:5,he:8,hd:64,lr:0.005,wd:0.0,dp:0.2,R:1.0,41.89 ± 3.08,52.04 ± 1.72
regcn,ft:1,n_layer:5,he:8,hd:64,lr:0.005,wd:0.0,dp:0.2,R:10.0,46.02 ± 5.11,53.92 ± 2.57
regcn,ft:1,n_layer:5,he:8,hd:64,lr:0.005,wd:0.0,dp:0.2,R:100.0,56.13 ± 2.20,57.81 ± 1.30
regcn,ft:1,n_layer:5,he:8,hd:64,lr:0.005,wd:0.0,dp:0.5,R:1.0,52.87 ± 6.95,56.94 ± 3.51
regcn,ft:1,n_layer:5,he:8,hd:64,lr:0.005,wd:0.0,dp:0.5,R:10.0,54.26 ± 6.79,57.41 ± 3.29
regcn,ft:1,n_layer:5,he:8,hd:64,lr:0.005,wd:0.0,dp:0.5,R:100.0,53.34 ± 6.15,56.16 ± 3.47
regcn,ft:1,n_layer:5,he:8,hd:64,lr:0.005,wd:0.0,dp:0.7,R:1.0,18.52 ± 1.39,36.92 ± 0.39
regcn,ft:1,n_layer:5,he:8,hd:64,lr:0.005,wd:0.0,dp:0.7,R:10.0,18.69 ± 1.95,37.12 ± 0.46
regcn,ft:1,n_layer:5,he:8,hd:64,lr:0.005,wd:0.0,dp:0.7,R:100.0,19.15 ± 3.48,37.12 ± 0.53
regcn,ft:1,n_layer:5,he:8,hd:64,lr:0.005,wd:0.0005,dp:0.2,R:1.0,42.38 ± 4.14,52.56 ± 2.06
regcn,ft:1,n_layer:5,he:8,hd:64,lr:0.005,wd:0.0005,dp:0.2,R:10.0,44.98 ± 4.31,53.49 ± 2.16
regcn,ft:1,n_layer:5,he:8,hd:64,lr:0.005,wd:0.0005,dp:0.2,R:100.0,53.26 ± 5.75,56.20 ± 3.03
regcn,ft:1,n_layer:5,he:8,hd:64,lr:0.005,wd:0.0005,dp:0.5,R:1.0,54.70 ± 6.77,57.69 ± 3.56
regcn,ft:1,n_layer:5,he:8,hd:64,lr:0.005,wd:0.0005,dp:0.5,R:10.0,54.15 ± 7.00,57.36 ± 3.45
regcn,ft:1,n_layer:5,he:8,hd:64,lr:0.005,wd:0.0005,dp:0.5,R:100.0,53.13 ± 6.64,56.01 ± 3.70
regcn,ft:1,n_layer:5,he:8,hd:64,lr:0.005,wd:0.0005,dp:0.7,R:1.0,21.80 ± 5.41,37.96 ± 1.43
regcn,ft:1,n_layer:5,he:8,hd:64,lr:0.005,wd:0.0005,dp:0.7,R:10.0,18.81 ± 1.38,37.09 ± 0.22
regcn,ft:1,n_layer:5,he:8,hd:64,lr:0.005,wd:0.0005,dp:0.7,R:100.0,18.16 ± 0.52,37.03 ± 0.24
regcn,ft:1,n_layer:5,he:8,hd:64,lr:0.005,wd:0.001,dp:0.2,R:1.0,41.16 ± 2.72,51.94 ± 1.60
regcn,ft:1,n_layer:5,he:8,hd:64,lr:0.005,wd:0.001,dp:0.2,R:10.0,44.62 ± 4.73,53.19 ± 2.55
regcn,ft:1,n_layer:5,he:8,hd:64,lr:0.005,wd:0.001,dp:0.2,R:100.0,55.12 ± 5.26,57.51 ± 2.40
regcn,ft:1,n_layer:5,he:8,hd:64,lr:0.005,wd:0.001,dp:0.5,R:1.0,53.25 ± 7.28,56.98 ± 3.61
regcn,ft:1,n_layer:5,he:8,hd:64,lr:0.005,wd:0.001,dp:0.5,R:10.0,54.30 ± 6.67,57.61 ± 3.24
regcn,ft:1,n_layer:5,he:8,hd:64,lr:0.005,wd:0.001,dp:0.5,R:100.0,56.27 ± 5.51,58.23 ± 3.11
regcn,ft:1,n_layer:5,he:8,hd:64,lr:0.005,wd:0.001,dp:0.7,R:1.0,20.98 ± 3.60,37.52 ± 0.95
regcn,ft:1,n_layer:5,he:8,hd:64,lr:0.005,wd:0.001,dp:0.7,R:10.0,19.37 ± 4.01,37.35 ± 1.21
regcn,ft:1,n_layer:5,he:8,hd:64,lr:0.005,wd:0.001,dp:0.7,R:100.0,17.99 ± 0.00,36.95 ± 0.00
regcn,ft:1,n_layer:5,he:8,hd:64,lr:0.005,wd:0.005,dp:0.2,R:1.0,42.38 ± 6.85,51.90 ± 3.39
regcn,ft:1,n_layer:5,he:8,hd:64,lr:0.005,wd:0.005,dp:0.2,R:10.0,44.79 ± 6.53,53.34 ± 3.10
regcn,ft:1,n_layer:5,he:8,hd:64,lr:0.005,wd:0.005,dp:0.2,R:100.0,49.39 ± 11.71,54.19 ± 6.56
regcn,ft:1,n_layer:5,he:8,hd:64,lr:0.005,wd:0.005,dp:0.5,R:1.0,46.75 ± 7.47,53.44 ± 3.36
regcn,ft:1,n_layer:5,he:8,hd:64,lr:0.005,wd:0.005,dp:0.5,R:10.0,54.11 ± 6.93,57.38 ± 3.42
regcn,ft:1,n_layer:5,he:8,hd:64,lr:0.005,wd:0.005,dp:0.5,R:100.0,50.18 ± 11.67,54.24 ± 6.54
regcn,ft:1,n_layer:5,he:8,hd:64,lr:0.005,wd:0.005,dp:0.7,R:1.0,23.00 ± 3.63,37.87 ± 0.79
regcn,ft:1,n_layer:5,he:8,hd:64,lr:0.005,wd:0.005,dp:0.7,R:10.0,19.83 ± 3.52,37.40 ± 0.88
regcn,ft:1,n_layer:5,he:8,hd:64,lr:0.005,wd:0.005,dp:0.7,R:100.0,17.99 ± 0.00,36.95 ± 0.00
regcn,ft:2,n_layer:3,he:8,hd:64,lr:0.001,wd:0.0,dp:0.2,R:1.0,58.81 ± 1.13,59.72 ± 0.80
regcn,ft:2,n_layer:3,he:8,hd:64,lr:0.001,wd:0.0,dp:0.2,R:10.0,59.10 ± 1.64,59.93 ± 1.01
regcn,ft:2,n_layer:3,he:8,hd:64,lr:0.001,wd:0.0,dp:0.2,R:100.0,45.88 ± 7.11,52.06 ± 3.60
regcn,ft:2,n_layer:3,he:8,hd:64,lr:0.001,wd:0.0,dp:0.5,R:1.0,59.50 ± 0.94,60.41 ± 0.65
regcn,ft:2,n_layer:3,he:8,hd:64,lr:0.001,wd:0.0,dp:0.5,R:10.0,59.57 ± 1.03,60.41 ± 0.74
regcn,ft:2,n_layer:3,he:8,hd:64,lr:0.001,wd:0.0,dp:0.5,R:100.0,59.56 ± 0.89,60.23 ± 0.80
regcn,ft:2,n_layer:3,he:8,hd:64,lr:0.001,wd:0.0,dp:0.7,R:1.0,57.24 ± 5.08,59.36 ± 2.25
regcn,ft:2,n_layer:3,he:8,hd:64,lr:0.001,wd:0.0,dp:0.7,R:10.0,57.38 ± 4.89,59.46 ± 2.18
regcn,ft:2,n_layer:3,he:8,hd:64,lr:0.001,wd:0.0,dp:0.7,R:100.0,57.19 ± 3.92,58.87 ± 1.99
regcn,ft:2,n_layer:3,he:8,hd:64,lr:0.001,wd:0.0005,dp:0.2,R:1.0,59.89 ± 0.64,60.68 ± 0.59
regcn,ft:2,n_layer:3,he:8,hd:64,lr:0.001,wd:0.0005,dp:0.2,R:10.0,59.82 ± 1.29,60.57 ± 0.94
regcn,ft:2,n_layer:3,he:8,hd:64,lr:0.001,wd:0.0005,dp:0.2,R:100.0,45.84 ± 7.43,51.98 ± 4.07
regcn,ft:2,n_layer:3,he:8,hd:64,lr:0.001,wd:0.0005,dp:0.5,R:1.0,59.87 ± 0.99,60.75 ± 0.72
regcn,ft:2,n_layer:3,he:8,hd:64,lr:0.001,wd:0.0005,dp:0.5,R:10.0,60.04 ± 0.87,60.77 ± 0.76
regcn,ft:2,n_layer:3,he:8,hd:64,lr:0.001,wd:0.0005,dp:0.5,R:100.0,59.60 ± 0.87,60.29 ± 0.81
regcn,ft:2,n_layer:3,he:8,hd:64,lr:0.001,wd:0.0005,dp:0.7,R:1.0,57.55 ± 5.22,59.74 ± 2.29
regcn,ft:2,n_layer:3,he:8,hd:64,lr:0.001,wd:0.0005,dp:0.7,R:10.0,56.77 ± 5.30,59.05 ± 2.44
regcn,ft:2,n_layer:3,he:8,hd:64,lr:0.001,wd:0.0005,dp:0.7,R:100.0,56.67 ± 2.32,58.31 ± 1.42
regcn,ft:2,n_layer:3,he:8,hd:64,lr:0.001,wd:0.001,dp:0.2,R:1.0,59.94 ± 0.63,60.74 ± 0.64
regcn,ft:2,n_layer:3,he:8,hd:64,lr:0.001,wd:0.001,dp:0.2,R:10.0,60.14 ± 0.70,60.80 ± 0.48
regcn,ft:2,n_layer:3,he:8,hd:64,lr:0.001,wd:0.001,dp:0.2,R:100.0,44.78 ± 7.11,51.28 ± 3.87
regcn,ft:2,n_layer:3,he:8,hd:64,lr:0.001,wd:0.001,dp:0.5,R:1.0,59.95 ± 0.94,60.82 ± 0.69
regcn,ft:2,n_layer:3,he:8,hd:64,lr:0.001,wd:0.001,dp:0.5,R:10.0,59.98 ± 0.95,60.74 ± 0.76
regcn,ft:2,n_layer:3,he:8,hd:64,lr:0.001,wd:0.001,dp:0.5,R:100.0,59.00 ± 1.91,59.77 ± 1.68
regcn,ft:2,n_layer:3,he:8,hd:64,lr:0.001,wd:0.001,dp:0.7,R:1.0,57.64 ± 5.35,59.83 ± 2.33
regcn,ft:2,n_layer:3,he:8,hd:64,lr:0.001,wd:0.001,dp:0.7,R:10.0,56.95 ± 5.34,59.17 ± 2.47
regcn,ft:2,n_layer:3,he:8,hd:64,lr:0.001,wd:0.001,dp:0.7,R:100.0,55.88 ± 2.92,58.15 ± 1.64
regcn,ft:2,n_layer:3,he:8,hd:64,lr:0.001,wd:0.005,dp:0.2,R:1.0,59.10 ± 1.72,60.12 ± 0.94
regcn,ft:2,n_layer:3,he:8,hd:64,lr:0.001,wd:0.005,dp:0.2,R:10.0,59.69 ± 1.02,60.57 ± 0.59
regcn,ft:2,n_layer:3,he:8,hd:64,lr:0.001,wd:0.005,dp:0.2,R:100.0,48.51 ± 9.38,52.99 ± 5.15
regcn,ft:2,n_layer:3,he:8,hd:64,lr:0.001,wd:0.005,dp:0.5,R:1.0,58.72 ± 2.54,60.08 ± 1.44
regcn,ft:2,n_layer:3,he:8,hd:64,lr:0.001,wd:0.005,dp:0.5,R:10.0,59.75 ± 0.73,60.59 ± 0.52
regcn,ft:2,n_layer:3,he:8,hd:64,lr:0.001,wd:0.005,dp:0.5,R:100.0,59.53 ± 1.26,60.35 ± 0.91
regcn,ft:2,n_layer:3,he:8,hd:64,lr:0.001,wd:0.005,dp:0.7,R:1.0,56.79 ± 5.68,59.34 ± 2.45
regcn,ft:2,n_layer:3,he:8,hd:64,lr:0.001,wd:0.005,dp:0.7,R:10.0,56.84 ± 5.99,59.31 ± 2.70
regcn,ft:2,n_layer:3,he:8,hd:64,lr:0.001,wd:0.005,dp:0.7,R:100.0,54.68 ± 5.80,57.53 ± 3.83
regcn,ft:2,n_layer:3,he:8,hd:64,lr:0.005,wd:0.0,dp:0.2,R:1.0,57.56 ± 2.58,58.97 ± 1.30
regcn,ft:2,n_layer:3,he:8,hd:64,lr:0.005,wd:0.0,dp:0.2,R:10.0,57.71 ± 2.82,59.12 ± 1.48
regcn,ft:2,n_layer:3,he:8,hd:64,lr:0.005,wd:0.0,dp:0.2,R:100.0,46.40 ± 7.56,51.69 ± 4.38
regcn,ft:2,n_layer:3,he:8,hd:64,lr:0.005,wd:0.0,dp:0.5,R:1.0,59.29 ± 0.79,60.16 ± 0.70
regcn,ft:2,n_layer:3,he:8,hd:64,lr:0.005,wd:0.0,dp:0.5,R:10.0,58.82 ± 2.00,59.76 ± 1.02
regcn,ft:2,n_layer:3,he:8,hd:64,lr:0.005,wd:0.0,dp:0.5,R:100.0,54.91 ± 4.92,56.86 ± 3.08
regcn,ft:2,n_layer:3,he:8,hd:64,lr:0.005,wd:0.0,dp:0.7,R:1.0,56.37 ± 5.18,58.88 ± 2.29
regcn,ft:2,n_layer:3,he:8,hd:64,lr:0.005,wd:0.0,dp:0.7,R:10.0,56.34 ± 5.31,58.93 ± 2.50
regcn,ft:2,n_layer:3,he:8,hd:64,lr:0.005,wd:0.0,dp:0.7,R:100.0,48.38 ± 8.70,52.55 ± 5.52
regcn,ft:2,n_layer:3,he:8,hd:64,lr:0.005,wd:0.0005,dp:0.2,R:1.0,58.87 ± 2.48,59.86 ± 1.63
regcn,ft:2,n_layer:3,he:8,hd:64,lr:0.005,wd:0.0005,dp:0.2,R:10.0,57.59 ± 4.12,59.27 ± 2.17
regcn,ft:2,n_layer:3,he:8,hd:64,lr:0.005,wd:0.0005,dp:0.2,R:100.0,48.35 ± 8.11,52.84 ± 4.70
regcn,ft:2,n_layer:3,he:8,hd:64,lr:0.005,wd:0.0005,dp:0.5,R:1.0,59.55 ± 0.76,60.47 ± 0.55
regcn,ft:2,n_layer:3,he:8,hd:64,lr:0.005,wd:0.0005,dp:0.5,R:10.0,58.95 ± 2.26,60.04 ± 1.07
regcn,ft:2,n_layer:3,he:8,hd:64,lr:0.005,wd:0.0005,dp:0.5,R:100.0,56.13 ± 4.05,57.71 ± 2.94
regcn,ft:2,n_layer:3,he:8,hd:64,lr:0.005,wd:0.0005,dp:0.7,R:1.0,57.70 ± 5.55,59.57 ± 2.40
regcn,ft:2,n_layer:3,he:8,hd:64,lr:0.005,wd:0.0005,dp:0.7,R:10.0,56.22 ± 5.99,58.79 ± 2.75
regcn,ft:2,n_layer:3,he:8,hd:64,lr:0.005,wd:0.0005,dp:0.7,R:100.0,42.17 ± 11.68,49.53 ± 6.37
regcn,ft:2,n_layer:3,he:8,hd:64,lr:0.005,wd:0.001,dp:0.2,R:1.0,60.01 ± 0.64,60.66 ± 0.50
regcn,ft:2,n_layer:3,he:8,hd:64,lr:0.005,wd:0.001,dp:0.2,R:10.0,58.45 ± 2.71,59.81 ± 1.49
regcn,ft:2,n_layer:3,he:8,hd:64,lr:0.005,wd:0.001,dp:0.2,R:100.0,49.47 ± 6.54,53.71 ± 3.46
regcn,ft:2,n_layer:3,he:8,hd:64,lr:0.005,wd:0.001,dp:0.5,R:1.0,59.48 ± 0.92,60.53 ± 0.38
regcn,ft:2,n_layer:3,he:8,hd:64,lr:0.005,wd:0.001,dp:0.5,R:10.0,59.62 ± 1.08,60.36 ± 0.91
regcn,ft:2,n_layer:3,he:8,hd:64,lr:0.005,wd:0.001,dp:0.5,R:100.0,57.66 ± 1.71,58.87 ± 1.23
regcn,ft:2,n_layer:3,he:8,hd:64,lr:0.005,wd:0.001,dp:0.7,R:1.0,57.80 ± 5.69,59.72 ± 2.48
regcn,ft:2,n_layer:3,he:8,hd:64,lr:0.005,wd:0.001,dp:0.7,R:10.0,56.21 ± 6.74,59.00 ± 3.12
regcn,ft:2,n_layer:3,he:8,hd:64,lr:0.005,wd:0.001,dp:0.7,R:100.0,37.41 ± 15.99,46.15 ± 9.39
regcn,ft:2,n_layer:3,he:8,hd:64,lr:0.005,wd:0.005,dp:0.2,R:1.0,57.78 ± 1.61,59.15 ± 0.79
regcn,ft:2,n_layer:3,he:8,hd:64,lr:0.005,wd:0.005,dp:0.2,R:10.0,58.42 ± 2.15,59.52 ± 1.26
regcn,ft:2,n_layer:3,he:8,hd:64,lr:0.005,wd:0.005,dp:0.2,R:100.0,52.26 ± 5.80,55.32 ± 3.17
regcn,ft:2,n_layer:3,he:8,hd:64,lr:0.005,wd:0.005,dp:0.5,R:1.0,57.98 ± 2.79,59.56 ± 1.39
regcn,ft:2,n_layer:3,he:8,hd:64,lr:0.005,wd:0.005,dp:0.5,R:10.0,58.52 ± 1.81,59.78 ± 1.25
regcn,ft:2,n_layer:3,he:8,hd:64,lr:0.005,wd:0.005,dp:0.5,R:100.0,55.55 ± 6.31,57.31 ± 3.68
regcn,ft:2,n_layer:3,he:8,hd:64,lr:0.005,wd:0.005,dp:0.7,R:1.0,55.82 ± 6.26,58.61 ± 2.87
regcn,ft:2,n_layer:3,he:8,hd:64,lr:0.005,wd:0.005,dp:0.7,R:10.0,50.21 ± 7.38,55.55 ± 3.22
regcn,ft:2,n_layer:3,he:8,hd:64,lr:0.005,wd:0.005,dp:0.7,R:100.0,26.19 ± 11.64,39.77 ± 6.83
regcn,ft:2,n_layer:4,he:8,hd:64,lr:0.001,wd:0.0,dp:0.2,R:1.0,57.51 ± 3.17,58.91 ± 1.43
regcn,ft:2,n_layer:4,he:8,hd:64,lr:0.001,wd:0.0,dp:0.2,R:10.0,57.50 ± 3.45,58.85 ± 1.63
regcn,ft:2,n_layer:4,he:8,hd:64,lr:0.001,wd:0.0,dp:0.2,R:100.0,44.80 ± 4.79,51.31 ± 2.48
regcn,ft:2,n_layer:4,he:8,hd:64,lr:0.001,wd:0.0,dp:0.5,R:1.0,57.46 ± 2.81,58.94 ± 1.52
regcn,ft:2,n_layer:4,he:8,hd:64,lr:0.001,wd:0.0,dp:0.5,R:10.0,57.88 ± 1.78,59.25 ± 0.94
regcn,ft:2,n_layer:4,he:8,hd:64,lr:0.001,wd:0.0,dp:0.5,R:100.0,58.05 ± 1.64,58.90 ± 1.36
regcn,ft:2,n_layer:4,he:8,hd:64,lr:0.001,wd:0.0,dp:0.7,R:1.0,32.57 ± 4.25,44.93 ± 3.51
regcn,ft:2,n_layer:4,he:8,hd:64,lr:0.001,wd:0.0,dp:0.7,R:10.0,30.05 ± 4.62,42.53 ± 3.65
regcn,ft:2,n_layer:4,he:8,hd:64,lr:0.001,wd:0.0,dp:0.7,R:100.0,24.03 ± 4.58,37.57 ± 1.11
regcn,ft:2,n_layer:4,he:8,hd:64,lr:0.001,wd:0.0005,dp:0.2,R:1.0,57.77 ± 3.74,59.39 ± 1.85
regcn,ft:2,n_layer:4,he:8,hd:64,lr:0.001,wd:0.0005,dp:0.2,R:10.0,58.46 ± 3.38,59.71 ± 1.71
regcn,ft:2,n_layer:4,he:8,hd:64,lr:0.001,wd:0.0005,dp:0.2,R:100.0,47.15 ± 6.03,52.17 ± 3.29
regcn,ft:2,n_layer:4,he:8,hd:64,lr:0.001,wd:0.0005,dp:0.5,R:1.0,57.71 ± 2.92,59.23 ± 1.40
regcn,ft:2,n_layer:4,he:8,hd:64,lr:0.001,wd:0.0005,dp:0.5,R:10.0,58.13 ± 2.28,59.58 ± 1.17
regcn,ft:2,n_layer:4,he:8,hd:64,lr:0.001,wd:0.0005,dp:0.5,R:100.0,58.70 ± 1.38,59.61 ± 1.29
regcn,ft:2,n_layer:4,he:8,hd:64,lr:0.001,wd:0.0005,dp:0.7,R:1.0,34.47 ± 3.63,46.46 ± 3.28
regcn,ft:2,n_layer:4,he:8,hd:64,lr:0.001,wd:0.0005,dp:0.7,R:10.0,34.15 ± 5.13,46.20 ± 4.32
regcn,ft:2,n_layer:4,he:8,hd:64,lr:0.001,wd:0.0005,dp:0.7,R:100.0,25.07 ± 4.48,37.63 ± 1.31
regcn,ft:2,n_layer:4,he:8,hd:64,lr:0.001,wd:0.001,dp:0.2,R:1.0,57.86 ± 3.04,59.42 ± 1.53
regcn,ft:2,n_layer:4,he:8,hd:64,lr:0.001,wd:0.001,dp:0.2,R:10.0,58.56 ± 3.06,59.79 ± 1.54
regcn,ft:2,n_layer:4,he:8,hd:64,lr:0.001,wd:0.001,dp:0.2,R:100.0,47.30 ± 6.67,52.31 ± 3.70
regcn,ft:2,n_layer:4,he:8,hd:64,lr:0.001,wd:0.001,dp:0.5,R:1.0,57.56 ± 2.89,59.15 ± 1.40
regcn,ft:2,n_layer:4,he:8,hd:64,lr:0.001,wd:0.001,dp:0.5,R:10.0,57.73 ± 2.76,59.32 ± 1.58
regcn,ft:2,n_layer:4,he:8,hd:64,lr:0.001,wd:0.001,dp:0.5,R:100.0,58.45 ± 1.88,59.36 ± 1.71
regcn,ft:2,n_layer:4,he:8,hd:64,lr:0.001,wd:0.001,dp:0.7,R:1.0,34.10 ± 3.62,46.15 ± 3.28
regcn,ft:2,n_layer:4,he:8,hd:64,lr:0.001,wd:0.001,dp:0.7,R:10.0,33.69 ± 5.87,45.71 ± 4.89
regcn,ft:2,n_layer:4,he:8,hd:64,lr:0.001,wd:0.001,dp:0.7,R:100.0,26.35 ± 4.48,38.09 ± 1.33
regcn,ft:2,n_layer:4,he:8,hd:64,lr:0.001,wd:0.005,dp:0.2,R:1.0,56.07 ± 5.67,58.40 ± 2.60
regcn,ft:2,n_layer:4,he:8,hd:64,lr:0.001,wd:0.005,dp:0.2,R:10.0,56.54 ± 4.70,58.52 ± 2.13
regcn,ft:2,n_layer:4,he:8,hd:64,lr:0.001,wd:0.005,dp:0.2,R:100.0,51.95 ± 4.99,54.35 ± 2.29
regcn,ft:2,n_layer:4,he:8,hd:64,lr:0.001,wd:0.005,dp:0.5,R:1.0,55.68 ± 5.89,58.33 ± 2.77
regcn,ft:2,n_layer:4,he:8,hd:64,lr:0.001,wd:0.005,dp:0.5,R:10.0,57.05 ± 4.78,58.88 ± 2.35
regcn,ft:2,n_layer:4,he:8,hd:64,lr:0.001,wd:0.005,dp:0.5,R:100.0,58.49 ± 2.04,59.67 ± 1.54
regcn,ft:2,n_layer:4,he:8,hd:64,lr:0.001,wd:0.005,dp:0.7,R:1.0,30.05 ± 3.72,42.53 ± 3.16
regcn,ft:2,n_layer:4,he:8,hd:64,lr:0.001,wd:0.005,dp:0.7,R:10.0,26.67 ± 5.54,40.57 ± 3.92
regcn,ft:2,n_layer:4,he:8,hd:64,lr:0.001,wd:0.005,dp:0.7,R:100.0,25.42 ± 4.68,37.87 ± 1.19
regcn,ft:2,n_layer:4,he:8,hd:64,lr:0.005,wd:0.0,dp:0.2,R:1.0,55.38 ± 4.97,57.73 ± 2.37
regcn,ft:2,n_layer:4,he:8,hd:64,lr:0.005,wd:0.0,dp:0.2,R:10.0,55.18 ± 5.22,57.48 ± 2.49
regcn,ft:2,n_layer:4,he:8,hd:64,lr:0.005,wd:0.0,dp:0.2,R:100.0,44.55 ± 10.44,50.62 ± 6.03
regcn,ft:2,n_layer:4,he:8,hd:64,lr:0.005,wd:0.0,dp:0.5,R:1.0,57.58 ± 1.22,58.89 ± 0.84
regcn,ft:2,n_layer:4,he:8,hd:64,lr:0.005,wd:0.0,dp:0.5,R:10.0,57.78 ± 1.85,59.00 ± 1.28
regcn,ft:2,n_layer:4,he:8,hd:64,lr:0.005,wd:0.0,dp:0.5,R:100.0,55.17 ± 3.95,57.16 ± 2.50
regcn,ft:2,n_layer:4,he:8,hd:64,lr:0.005,wd:0.0,dp:0.7,R:1.0,48.13 ± 6.36,53.90 ± 2.57
regcn,ft:2,n_layer:4,he:8,hd:64,lr:0.005,wd:0.0,dp:0.7,R:10.0,26.48 ± 8.78,40.64 ± 5.60
regcn,ft:2,n_layer:4,he:8,hd:64,lr:0.005,wd:0.0,dp:0.7,R:100.0,31.32 ± 8.69,42.33 ± 5.58
regcn,ft:2,n_layer:4,he:8,hd:64,lr:0.005,wd:0.0005,dp:0.2,R:1.0,57.23 ± 4.68,58.87 ± 2.01
regcn,ft:2,n_layer:4,he:8,hd:64,lr:0.005,wd:0.0005,dp:0.2,R:10.0,55.60 ± 5.02,57.92 ± 2.50
regcn,ft:2,n_layer:4,he:8,hd:64,lr:0.005,wd:0.0005,dp:0.2,R:100.0,50.84 ± 6.12,54.06 ± 4.29
regcn,ft:2,n_layer:4,he:8,hd:64,lr:0.005,wd:0.0005,dp:0.5,R:1.0,57.33 ± 1.40,58.87 ± 0.81
regcn,ft:2,n_layer:4,he:8,hd:64,lr:0.005,wd:0.0005,dp:0.5,R:10.0,58.32 ± 1.86,59.57 ± 1.25
regcn,ft:2,n_layer:4,he:8,hd:64,lr:0.005,wd:0.0005,dp:0.5,R:100.0,55.92 ± 4.81,57.68 ± 2.47
regcn,ft:2,n_layer:4,he:8,hd:64,lr:0.005,wd:0.0005,dp:0.7,R:1.0,50.05 ± 7.59,55.55 ± 2.81
regcn,ft:2,n_layer:4,he:8,hd:64,lr:0.005,wd:0.0005,dp:0.7,R:10.0,36.75 ± 10.97,46.12 ± 6.28
regcn,ft:2,n_layer:4,he:8,hd:64,lr:0.005,wd:0.0005,dp:0.7,R:100.0,21.99 ± 5.34,37.71 ± 1.58
regcn,ft:2,n_layer:4,he:8,hd:64,lr:0.005,wd:0.001,dp:0.2,R:1.0,57.74 ± 3.62,59.15 ± 1.75
regcn,ft:2,n_layer:4,he:8,hd:64,lr:0.005,wd:0.001,dp:0.2,R:10.0,56.18 ± 4.38,58.24 ± 1.97
regcn,ft:2,n_layer:4,he:8,hd:64,lr:0.005,wd:0.001,dp:0.2,R:100.0,42.22 ± 8.67,48.43 ± 5.36
regcn,ft:2,n_layer:4,he:8,hd:64,lr:0.005,wd:0.001,dp:0.5,R:1.0,57.43 ± 2.01,59.06 ± 1.18
regcn,ft:2,n_layer:4,he:8,hd:64,lr:0.005,wd:0.001,dp:0.5,R:10.0,58.19 ± 1.63,59.51 ± 1.06
regcn,ft:2,n_layer:4,he:8,hd:64,lr:0.005,wd:0.001,dp:0.5,R:100.0,56.23 ± 3.05,57.72 ± 2.26
regcn,ft:2,n_layer:4,he:8,hd:64,lr:0.005,wd:0.001,dp:0.7,R:1.0,44.39 ± 6.06,52.99 ± 2.65
regcn,ft:2,n_layer:4,he:8,hd:64,lr:0.005,wd:0.001,dp:0.7,R:10.0,24.21 ± 6.34,39.23 ± 3.79
regcn,ft:2,n_layer:4,he:8,hd:64,lr:0.005,wd:0.001,dp:0.7,R:100.0,20.08 ± 3.73,37.20 ± 0.93
regcn,ft:2,n_layer:4,he:8,hd:64,lr:0.005,wd:0.005,dp:0.2,R:1.0,53.22 ± 5.03,56.72 ± 2.36
regcn,ft:2,n_layer:4,he:8,hd:64,lr:0.005,wd:0.005,dp:0.2,R:10.0,54.76 ± 6.94,57.53 ± 3.22
regcn,ft:2,n_layer:4,he:8,hd:64,lr:0.005,wd:0.005,dp:0.2,R:100.0,46.08 ± 7.85,51.22 ± 4.71
regcn,ft:2,n_layer:4,he:8,hd:64,lr:0.005,wd:0.005,dp:0.5,R:1.0,53.49 ± 7.62,57.27 ± 3.47
regcn,ft:2,n_layer:4,he:8,hd:64,lr:0.005,wd:0.005,dp:0.5,R:10.0,56.05 ± 5.10,58.36 ± 2.40
regcn,ft:2,n_layer:4,he:8,hd:64,lr:0.005,wd:0.005,dp:0.5,R:100.0,51.63 ± 8.32,55.66 ± 4.26
regcn,ft:2,n_layer:4,he:8,hd:64,lr:0.005,wd:0.005,dp:0.7,R:1.0,33.63 ± 13.07,43.78 ± 7.34
regcn,ft:2,n_layer:4,he:8,hd:64,lr:0.005,wd:0.005,dp:0.7,R:10.0,21.57 ± 4.94,37.65 ± 1.68
regcn,ft:2,n_layer:4,he:8,hd:64,lr:0.005,wd:0.005,dp:0.7,R:100.0,22.37 ± 5.40,37.69 ± 1.12
regcn,ft:2,n_layer:5,he:8,hd:64,lr:0.001,wd:0.0,dp:0.2,R:1.0,58.25 ± 0.51,59.10 ± 0.48
regcn,ft:2,n_layer:5,he:8,hd:64,lr:0.001,wd:0.0,dp:0.2,R:10.0,58.27 ± 0.72,59.01 ± 0.60
regcn,ft:2,n_layer:5,he:8,hd:64,lr:0.001,wd:0.0,dp:0.2,R:100.0,43.47 ± 5.47,50.68 ± 3.28
regcn,ft:2,n_layer:5,he:8,hd:64,lr:0.001,wd:0.0,dp:0.5,R:1.0,55.69 ± 2.83,58.05 ± 1.46
regcn,ft:2,n_layer:5,he:8,hd:64,lr:0.001,wd:0.0,dp:0.5,R:10.0,56.97 ± 3.28,58.81 ± 1.74
regcn,ft:2,n_layer:5,he:8,hd:64,lr:0.001,wd:0.0,dp:0.5,R:100.0,57.50 ± 2.51,59.02 ± 1.33
regcn,ft:2,n_layer:5,he:8,hd:64,lr:0.001,wd:0.0,dp:0.7,R:1.0,20.13 ± 3.55,37.08 ± 0.99
regcn,ft:2,n_layer:5,he:8,hd:64,lr:0.001,wd:0.0,dp:0.7,R:10.0,19.64 ± 3.95,36.99 ± 1.26
regcn,ft:2,n_layer:5,he:8,hd:64,lr:0.001,wd:0.0,dp:0.7,R:100.0,18.49 ± 0.93,36.80 ± 0.30
regcn,ft:2,n_layer:5,he:8,hd:64,lr:0.001,wd:0.0005,dp:0.2,R:1.0,58.78 ± 0.75,59.86 ± 0.60
regcn,ft:2,n_layer:5,he:8,hd:64,lr:0.001,wd:0.0005,dp:0.2,R:10.0,59.16 ± 0.63,59.88 ± 0.58
regcn,ft:2,n_layer:5,he:8,hd:64,lr:0.001,wd:0.0005,dp:0.2,R:100.0,50.17 ± 7.08,54.25 ± 3.71
regcn,ft:2,n_layer:5,he:8,hd:64,lr:0.001,wd:0.0005,dp:0.5,R:1.0,55.80 ± 3.27,58.23 ± 1.78
regcn,ft:2,n_layer:5,he:8,hd:64,lr:0.001,wd:0.0005,dp:0.5,R:10.0,57.75 ± 2.14,59.29 ± 1.17
regcn,ft:2,n_layer:5,he:8,hd:64,lr:0.001,wd:0.0005,dp:0.5,R:100.0,57.11 ± 2.84,58.69 ± 1.75
regcn,ft:2,n_layer:5,he:8,hd:64,lr:0.001,wd:0.0005,dp:0.7,R:1.0,21.32 ± 4.75,37.63 ± 1.79
regcn,ft:2,n_layer:5,he:8,hd:64,lr:0.001,wd:0.0005,dp:0.7,R:10.0,20.34 ± 3.69,37.06 ± 0.84
regcn,ft:2,n_layer:5,he:8,hd:64,lr:0.001,wd:0.0005,dp:0.7,R:100.0,18.18 ± 0.35,36.75 ± 0.41
regcn,ft:2,n_layer:5,he:8,hd:64,lr:0.001,wd:0.001,dp:0.2,R:1.0,58.10 ± 0.90,59.49 ± 0.67
regcn,ft:2,n_layer:5,he:8,hd:64,lr:0.001,wd:0.001,dp:0.2,R:10.0,59.11 ± 0.65,59.89 ± 0.59
regcn,ft:2,n_layer:5,he:8,hd:64,lr:0.001,wd:0.001,dp:0.2,R:100.0,50.76 ± 5.83,54.61 ± 2.65
regcn,ft:2,n_layer:5,he:8,hd:64,lr:0.001,wd:0.001,dp:0.5,R:1.0,55.05 ± 4.12,58.09 ± 1.88
regcn,ft:2,n_layer:5,he:8,hd:64,lr:0.001,wd:0.001,dp:0.5,R:10.0,58.03 ± 1.92,59.48 ± 1.20
regcn,ft:2,n_layer:5,he:8,hd:64,lr:0.001,wd:0.001,dp:0.5,R:100.0,56.65 ± 3.82,58.63 ± 2.59
regcn,ft:2,n_layer:5,he:8,hd:64,lr:0.001,wd:0.001,dp:0.7,R:1.0,21.68 ± 5.42,37.96 ± 2.50
regcn,ft:2,n_layer:5,he:8,hd:64,lr:0.001,wd:0.001,dp:0.7,R:10.0,19.94 ± 3.55,37.10 ± 1.30
regcn,ft:2,n_layer:5,he:8,hd:64,lr:0.001,wd:0.001,dp:0.7,R:100.0,19.07 ± 2.96,36.85 ± 0.39
regcn,ft:2,n_layer:5,he:8,hd:64,lr:0.001,wd:0.005,dp:0.2,R:1.0,53.79 ± 5.13,57.39 ± 2.69
regcn,ft:2,n_layer:5,he:8,hd:64,lr:0.001,wd:0.005,dp:0.2,R:10.0,57.37 ± 1.77,59.11 ± 1.08
regcn,ft:2,n_layer:5,he:8,hd:64,lr:0.001,wd:0.005,dp:0.2,R:100.0,50.27 ± 7.99,53.64 ± 4.67
regcn,ft:2,n_layer:5,he:8,hd:64,lr:0.001,wd:0.005,dp:0.5,R:1.0,52.09 ± 6.97,56.60 ± 3.38
regcn,ft:2,n_layer:5,he:8,hd:64,lr:0.001,wd:0.005,dp:0.5,R:10.0,54.14 ± 6.44,57.69 ± 2.80
regcn,ft:2,n_layer:5,he:8,hd:64,lr:0.001,wd:0.005,dp:0.5,R:100.0,55.71 ± 4.94,58.04 ± 3.27
regcn,ft:2,n_layer:5,he:8,hd:64,lr:0.001,wd:0.005,dp:0.7,R:1.0,20.69 ± 2.80,37.16 ± 0.82
regcn,ft:2,n_layer:5,he:8,hd:64,lr:0.001,wd:0.005,dp:0.7,R:10.0,22.82 ± 4.96,37.75 ± 1.33
regcn,ft:2,n_layer:5,he:8,hd:64,lr:0.001,wd:0.005,dp:0.7,R:100.0,19.95 ± 3.75,36.80 ± 0.35
regcn,ft:2,n_layer:5,he:8,hd:64,lr:0.005,wd:0.0,dp:0.2,R:1.0,56.12 ± 2.17,57.63 ± 1.21
regcn,ft:2,n_layer:5,he:8,hd:64,lr:0.005,wd:0.0,dp:0.2,R:10.0,54.74 ± 5.09,57.46 ± 2.48
regcn,ft:2,n_layer:5,he:8,hd:64,lr:0.005,wd:0.0,dp:0.2,R:100.0,39.44 ± 10.36,48.87 ± 5.95
regcn,ft:2,n_layer:5,he:8,hd:64,lr:0.005,wd:0.0,dp:0.5,R:1.0,55.37 ± 4.78,58.02 ± 2.12
regcn,ft:2,n_layer:5,he:8,hd:64,lr:0.005,wd:0.0,dp:0.5,R:10.0,55.30 ± 6.53,57.65 ± 3.27
regcn,ft:2,n_layer:5,he:8,hd:64,lr:0.005,wd:0.0,dp:0.5,R:100.0,52.84 ± 5.90,55.97 ± 3.49
regcn,ft:2,n_layer:5,he:8,hd:64,lr:0.005,wd:0.0,dp:0.7,R:1.0,22.45 ± 5.51,37.59 ± 2.10
regcn,ft:2,n_layer:5,he:8,hd:64,lr:0.005,wd:0.0,dp:0.7,R:10.0,21.78 ± 4.85,37.44 ± 1.67
regcn,ft:2,n_layer:5,he:8,hd:64,lr:0.005,wd:0.0,dp:0.7,R:100.0,19.16 ± 3.53,37.20 ± 0.77
regcn,ft:2,n_layer:5,he:8,hd:64,lr:0.005,wd:0.0005,dp:0.2,R:1.0,57.56 ± 2.36,59.06 ± 1.29
regcn,ft:2,n_layer:5,he:8,hd:64,lr:0.005,wd:0.0005,dp:0.2,R:10.0,53.87 ± 4.56,56.82 ± 2.38
regcn,ft:2,n_layer:5,he:8,hd:64,lr:0.005,wd:0.0005,dp:0.2,R:100.0,42.10 ± 13.26,49.91 ± 7.19
regcn,ft:2,n_layer:5,he:8,hd:64,lr:0.005,wd:0.0005,dp:0.5,R:1.0,55.56 ± 5.15,58.29 ± 2.40
regcn,ft:2,n_layer:5,he:8,hd:64,lr:0.005,wd:0.0005,dp:0.5,R:10.0,55.69 ± 5.07,58.13 ± 2.40
regcn,ft:2,n_layer:5,he:8,hd:64,lr:0.005,wd:0.0005,dp:0.5,R:100.0,52.24 ± 6.02,55.58 ± 3.35
regcn,ft:2,n_layer:5,he:8,hd:64,lr:0.005,wd:0.0005,dp:0.7,R:1.0,19.26 ± 2.60,36.75 ± 0.92
regcn,ft:2,n_layer:5,he:8,hd:64,lr:0.005,wd:0.0005,dp:0.7,R:10.0,19.64 ± 2.92,36.80 ± 0.91
regcn,ft:2,n_layer:5,he:8,hd:64,lr:0.005,wd:0.0005,dp:0.7,R:100.0,20.27 ± 4.57,37.28 ± 0.71
regcn,ft:2,n_layer:5,he:8,hd:64,lr:0.005,wd:0.001,dp:0.2,R:1.0,58.24 ± 1.32,59.32 ± 0.93
regcn,ft:2,n_layer:5,he:8,hd:64,lr:0.005,wd:0.001,dp:0.2,R:10.0,56.13 ± 4.11,58.32 ± 2.17
regcn,ft:2,n_layer:5,he:8,hd:64,lr:0.005,wd:0.001,dp:0.2,R:100.0,41.70 ± 11.28,48.93 ± 7.08
regcn,ft:2,n_layer:5,he:8,hd:64,lr:0.005,wd:0.001,dp:0.5,R:1.0,54.91 ± 4.79,57.78 ± 2.32
regcn,ft:2,n_layer:5,he:8,hd:64,lr:0.005,wd:0.001,dp:0.5,R:10.0,55.98 ± 5.47,58.48 ± 2.45
regcn,ft:2,n_layer:5,he:8,hd:64,lr:0.005,wd:0.001,dp:0.5,R:100.0,52.23 ± 6.37,56.58 ± 3.41
regcn,ft:2,n_layer:5,he:8,hd:64,lr:0.005,wd:0.001,dp:0.7,R:1.0,19.30 ± 2.44,36.77 ± 0.93
regcn,ft:2,n_layer:5,he:8,hd:64,lr:0.005,wd:0.001,dp:0.7,R:10.0,19.59 ± 2.92,36.81 ± 0.91
regcn,ft:2,n_layer:5,he:8,hd:64,lr:0.005,wd:0.001,dp:0.7,R:100.0,20.88 ± 4.10,37.36 ± 1.05
regcn,ft:2,n_layer:5,he:8,hd:64,lr:0.005,wd:0.005,dp:0.2,R:1.0,47.97 ± 5.57,54.76 ± 2.50
regcn,ft:2,n_layer:5,he:8,hd:64,lr:0.005,wd:0.005,dp:0.2,R:10.0,52.83 ± 5.78,56.92 ± 2.39
regcn,ft:2,n_layer:5,he:8,hd:64,lr:0.005,wd:0.005,dp:0.2,R:100.0,45.77 ± 11.05,51.85 ± 6.32
regcn,ft:2,n_layer:5,he:8,hd:64,lr:0.005,wd:0.005,dp:0.5,R:1.0,48.90 ± 8.13,55.48 ± 3.41
regcn,ft:2,n_layer:5,he:8,hd:64,lr:0.005,wd:0.005,dp:0.5,R:10.0,50.88 ± 8.34,56.01 ± 3.75
regcn,ft:2,n_layer:5,he:8,hd:64,lr:0.005,wd:0.005,dp:0.5,R:100.0,56.25 ± 4.04,57.39 ± 3.52
regcn,ft:2,n_layer:5,he:8,hd:64,lr:0.005,wd:0.005,dp:0.7,R:1.0,21.85 ± 5.82,37.41 ± 1.88
regcn,ft:2,n_layer:5,he:8,hd:64,lr:0.005,wd:0.005,dp:0.7,R:10.0,21.67 ± 5.29,37.57 ± 1.98
regcn,ft:2,n_layer:5,he:8,hd:64,lr:0.005,wd:0.005,dp:0.7,R:100.0,17.96 ± 0.07,36.87 ± 0.24
