regcn,ft:0,n_layer:3,he:8,hd:64,lr:0.001,wd:0.0,dp:0.2,R:1.0,92.38 ± 0.26,92.38 ± 0.26
regcn,ft:0,n_layer:3,he:8,hd:64,lr:0.001,wd:0.0,dp:0.2,R:10.0,92.58 ± 0.34,92.57 ± 0.33
regcn,ft:0,n_layer:3,he:8,hd:64,lr:0.001,wd:0.0,dp:0.2,R:100.0,93.39 ± 0.48,93.32 ± 0.45
regcn,ft:0,n_layer:3,he:8,hd:64,lr:0.001,wd:0.0,dp:0.5,R:1.0,92.89 ± 0.21,92.88 ± 0.21
regcn,ft:0,n_layer:3,he:8,hd:64,lr:0.001,wd:0.0,dp:0.5,R:10.0,92.83 ± 0.28,92.82 ± 0.27
regcn,ft:0,n_layer:3,he:8,hd:64,lr:0.001,wd:0.0,dp:0.5,R:100.0,93.81 ± 0.20,93.78 ± 0.20
regcn,ft:0,n_layer:3,he:8,hd:64,lr:0.001,wd:0.0,dp:0.7,R:1.0,93.34 ± 0.34,93.30 ± 0.32
regcn,ft:0,n_layer:3,he:8,hd:64,lr:0.001,wd:0.0,dp:0.7,R:10.0,92.49 ± 0.31,92.48 ± 0.30
regcn,ft:0,n_layer:3,he:8,hd:64,lr:0.001,wd:0.0,dp:0.7,R:100.0,83.08 ± 20.48,85.96 ± 12.51
regcn,ft:0,n_layer:3,he:8,hd:64,lr:0.001,wd:0.0005,dp:0.2,R:1.0,92.27 ± 0.34,92.27 ± 0.33
regcn,ft:0,n_layer:3,he:8,hd:64,lr:0.001,wd:0.0005,dp:0.2,R:10.0,92.56 ± 0.32,92.55 ± 0.31
regcn,ft:0,n_layer:3,he:8,hd:64,lr:0.001,wd:0.0005,dp:0.2,R:100.0,93.33 ± 0.36,93.27 ± 0.33
regcn,ft:0,n_layer:3,he:8,hd:64,lr:0.001,wd:0.0005,dp:0.5,R:1.0,92.79 ± 0.27,92.78 ± 0.26
regcn,ft:0,n_layer:3,he:8,hd:64,lr:0.001,wd:0.0005,dp:0.5,R:10.0,93.03 ± 0.26,93.01 ± 0.25
regcn,ft:0,n_layer:3,he:8,hd:64,lr:0.001,wd:0.0005,dp:0.5,R:100.0,93.83 ± 0.33,93.79 ± 0.34
regcn,ft:0,n_layer:3,he:8,hd:64,lr:0.001,wd:0.0005,dp:0.7,R:1.0,93.42 ± 0.18,93.37 ± 0.17
regcn,ft:0,n_layer:3,he:8,hd:64,lr:0.001,wd:0.0005,dp:0.7,R:10.0,92.46 ± 0.50,92.45 ± 0.47
regcn,ft:0,n_layer:3,he:8,hd:64,lr:0.001,wd:0.0005,dp:0.7,R:100.0,83.26 ± 20.56,86.13 ± 12.59
regcn,ft:0,n_layer:3,he:8,hd:64,lr:0.001,wd:0.001,dp:0.2,R:1.0,92.28 ± 0.43,92.28 ± 0.41
regcn,ft:0,n_layer:3,he:8,hd:64,lr:0.001,wd:0.001,dp:0.2,R:10.0,92.64 ± 0.21,92.63 ± 0.20
regcn,ft:0,n_layer:3,he:8,hd:64,lr:0.001,wd:0.001,dp:0.2,R:100.0,93.50 ± 0.45,93.44 ± 0.42
regcn,ft:0,n_layer:3,he:8,hd:64,lr:0.001,wd:0.001,dp:0.5,R:1.0,92.69 ± 0.20,92.69 ± 0.19
regcn,ft:0,n_layer:3,he:8,hd:64,lr:0.001,wd:0.001,dp:0.5,R:10.0,93.12 ± 0.35,93.10 ± 0.34
regcn,ft:0,n_layer:3,he:8,hd:64,lr:0.001,wd:0.001,dp:0.5,R:100.0,93.83 ± 0.25,93.80 ± 0.25
regcn,ft:0,n_layer:3,he:8,hd:64,lr:0.001,wd:0.001,dp:0.7,R:1.0,93.47 ± 0.32,93.42 ± 0.31
regcn,ft:0,n_layer:3,he:8,hd:64,lr:0.001,wd:0.001,dp:0.7,R:10.0,92.55 ± 0.46,92.53 ± 0.42
regcn,ft:0,n_layer:3,he:8,hd:64,lr:0.001,wd:0.001,dp:0.7,R:100.0,83.10 ± 20.49,85.98 ± 12.52
regcn,ft:0,n_layer:3,he:8,hd:64,lr:0.001,wd:0.005,dp:0.2,R:1.0,92.55 ± 0.30,92.57 ± 0.28
regcn,ft:0,n_layer:3,he:8,hd:64,lr:0.001,wd:0.005,dp:0.2,R:10.0,93.01 ± 0.20,92.99 ± 0.19
regcn,ft:0,n_layer:3,he:8,hd:64,lr:0.001,wd:0.005,dp:0.2,R:100.0,93.42 ± 0.43,93.37 ± 0.41
regcn,ft:0,n_layer:3,he:8,hd:64,lr:0.001,wd:0.005,dp:0.5,R:1.0,92.77 ± 0.39,92.76 ± 0.37
regcn,ft:0,n_layer:3,he:8,hd:64,lr:0.001,wd:0.005,dp:0.5,R:10.0,93.13 ± 0.30,93.11 ± 0.28
regcn,ft:0,n_layer:3,he:8,hd:64,lr:0.001,wd:0.005,dp:0.5,R:100.0,93.66 ± 0.42,93.63 ± 0.39
regcn,ft:0,n_layer:3,he:8,hd:64,lr:0.001,wd:0.005,dp:0.7,R:1.0,93.14 ± 0.30,93.11 ± 0.29
regcn,ft:0,n_layer:3,he:8,hd:64,lr:0.001,wd:0.005,dp:0.7,R:10.0,92.44 ± 0.53,92.44 ± 0.49
regcn,ft:0,n_layer:3,he:8,hd:64,lr:0.001,wd:0.005,dp:0.7,R:100.0,83.25 ± 20.55,86.11 ± 12.56
regcn,ft:0,n_layer:3,he:8,hd:64,lr:0.005,wd:0.0,dp:0.2,R:1.0,91.61 ± 0.81,91.67 ± 0.74
regcn,ft:0,n_layer:3,he:8,hd:64,lr:0.005,wd:0.0,dp:0.2,R:10.0,93.54 ± 0.24,93.48 ± 0.22
regcn,ft:0,n_layer:3,he:8,hd:64,lr:0.005,wd:0.0,dp:0.2,R:100.0,91.11 ± 1.32,91.10 ± 1.25
regcn,ft:0,n_layer:3,he:8,hd:64,lr:0.005,wd:0.0,dp:0.5,R:1.0,92.99 ± 0.43,92.96 ± 0.41
regcn,ft:0,n_layer:3,he:8,hd:64,lr:0.005,wd:0.0,dp:0.5,R:10.0,93.61 ± 0.34,93.60 ± 0.35
regcn,ft:0,n_layer:3,he:8,hd:64,lr:0.005,wd:0.0,dp:0.5,R:100.0,86.05 ± 21.41,88.71 ± 13.34
regcn,ft:0,n_layer:3,he:8,hd:64,lr:0.005,wd:0.0,dp:0.7,R:1.0,83.83 ± 12.42,86.64 ± 8.38
regcn,ft:0,n_layer:3,he:8,hd:64,lr:0.005,wd:0.0,dp:0.7,R:10.0,87.60 ± 11.24,89.04 ± 7.31
regcn,ft:0,n_layer:3,he:8,hd:64,lr:0.005,wd:0.0,dp:0.7,R:100.0,43.59 ± 22.20,60.90 ± 13.42
regcn,ft:0,n_layer:3,he:8,hd:64,lr:0.005,wd:0.0005,dp:0.2,R:1.0,91.82 ± 0.84,91.86 ± 0.79
regcn,ft:0,n_layer:3,he:8,hd:64,lr:0.005,wd:0.0005,dp:0.2,R:10.0,93.48 ± 0.22,93.43 ± 0.20
regcn,ft:0,n_layer:3,he:8,hd:64,lr:0.005,wd:0.0005,dp:0.2,R:100.0,91.65 ± 0.96,91.62 ± 0.96
regcn,ft:0,n_layer:3,he:8,hd:64,lr:0.005,wd:0.0005,dp:0.5,R:1.0,92.68 ± 0.76,92.68 ± 0.72
regcn,ft:0,n_layer:3,he:8,hd:64,lr:0.005,wd:0.0005,dp:0.5,R:10.0,93.82 ± 0.29,93.81 ± 0.28
regcn,ft:0,n_layer:3,he:8,hd:64,lr:0.005,wd:0.0005,dp:0.5,R:100.0,92.96 ± 0.96,92.99 ± 0.91
regcn,ft:0,n_layer:3,he:8,hd:64,lr:0.005,wd:0.0005,dp:0.7,R:1.0,88.01 ± 11.00,89.74 ± 7.47
regcn,ft:0,n_layer:3,he:8,hd:64,lr:0.005,wd:0.0005,dp:0.7,R:10.0,88.46 ± 10.17,89.89 ± 6.21
regcn,ft:0,n_layer:3,he:8,hd:64,lr:0.005,wd:0.0005,dp:0.7,R:100.0,46.70 ± 23.71,58.99 ± 14.62
regcn,ft:0,n_layer:3,he:8,hd:64,lr:0.005,wd:0.001,dp:0.2,R:1.0,91.91 ± 0.68,91.96 ± 0.63
regcn,ft:0,n_layer:3,he:8,hd:64,lr:0.005,wd:0.001,dp:0.2,R:10.0,93.16 ± 0.38,93.12 ± 0.36
regcn,ft:0,n_layer:3,he:8,hd:64,lr:0.005,wd:0.001,dp:0.2,R:100.0,91.07 ± 1.36,91.10 ± 1.28
regcn,ft:0,n_layer:3,he:8,hd:64,lr:0.005,wd:0.001,dp:0.5,R:1.0,92.79 ± 0.40,92.79 ± 0.37
regcn,ft:0,n_layer:3,he:8,hd:64,lr:0.005,wd:0.001,dp:0.5,R:10.0,93.68 ± 0.20,93.67 ± 0.20
regcn,ft:0,n_layer:3,he:8,hd:64,lr:0.005,wd:0.001,dp:0.5,R:100.0,87.04 ± 14.38,88.63 ± 9.85
regcn,ft:0,n_layer:3,he:8,hd:64,lr:0.005,wd:0.001,dp:0.7,R:1.0,87.36 ± 11.50,89.30 ± 7.54
regcn,ft:0,n_layer:3,he:8,hd:64,lr:0.005,wd:0.001,dp:0.7,R:10.0,89.46 ± 4.54,89.93 ± 3.68
regcn,ft:0,n_layer:3,he:8,hd:64,lr:0.005,wd:0.001,dp:0.7,R:100.0,32.72 ± 14.63,53.79 ± 7.68
regcn,ft:0,n_layer:3,he:8,hd:64,lr:0.005,wd:0.005,dp:0.2,R:1.0,92.14 ± 0.90,92.20 ± 0.81
regcn,ft:0,n_layer:3,he:8,hd:64,lr:0.005,wd:0.005,dp:0.2,R:10.0,93.28 ± 0.27,93.24 ± 0.25
regcn,ft:0,n_layer:3,he:8,hd:64,lr:0.005,wd:0.005,dp:0.2,R:100.0,89.01 ± 6.21,89.54 ± 4.71
regcn,ft:0,n_layer:3,he:8,hd:64,lr:0.005,wd:0.005,dp:0.5,R:1.0,92.27 ± 0.67,92.30 ± 0.62
regcn,ft:0,n_layer:3,he:8,hd:64,lr:0.005,wd:0.005,dp:0.5,R:10.0,93.42 ± 0.19,93.41 ± 0.19
regcn,ft:0,n_layer:3,he:8,hd:64,lr:0.005,wd:0.005,dp:0.5,R:100.0,87.24 ± 11.28,88.81 ± 7.49
regcn,ft:0,n_layer:3,he:8,hd:64,lr:0.005,wd:0.005,dp:0.7,R:1.0,83.95 ± 9.35,86.05 ± 6.58
regcn,ft:0,n_layer:3,he:8,hd:64,lr:0.005,wd:0.005,dp:0.7,R:10.0,87.31 ± 10.48,88.78 ± 6.59
regcn,ft:0,n_layer:3,he:8,hd:64,lr:0.005,wd:0.005,dp:0.7,R:100.0,52.37 ± 24.66,66.08 ± 15.06
regcn,ft:0,n_layer:4,he:8,hd:64,lr:0.001,wd:0.0,dp:0.2,R:1.0,92.67 ± 0.49,92.65 ± 0.47
regcn,ft:0,n_layer:4,he:8,hd:64,lr:0.001,wd:0.0,dp:0.2,R:10.0,92.75 ± 0.65,92.74 ± 0.61
regcn,ft:0,n_layer:4,he:8,hd:64,lr:0.001,wd:0.0,dp:0.2,R:100.0,93.69 ± 0.38,93.64 ± 0.37
regcn,ft:0,n_layer:4,he:8,hd:64,lr:0.001,wd:0.0,dp:0.5,R:1.0,92.90 ± 0.40,92.89 ± 0.38
regcn,ft:0,n_layer:4,he:8,hd:64,lr:0.001,wd:0.0,dp:0.5,R:10.0,92.98 ± 0.34,92.97 ± 0.32
regcn,ft:0,n_layer:4,he:8,hd:64,lr:0.001,wd:0.0,dp:0.5,R:100.0,93.49 ± 0.52,93.47 ± 0.52
regcn,ft:0,n_layer:4,he:8,hd:64,lr:0.001,wd:0.0,dp:0.7,R:1.0,86.72 ± 5.66,88.05 ± 4.25
regcn,ft:0,n_layer:4,he:8,hd:64,lr:0.001,wd:0.0,dp:0.7,R:10.0,90.25 ± 1.35,90.46 ± 1.15
regcn,ft:0,n_layer:4,he:8,hd:64,lr:0.001,wd:0.0,dp:0.7,R:100.0,58.53 ± 24.17,69.69 ± 14.98
regcn,ft:0,n_layer:4,he:8,hd:64,lr:0.001,wd:0.0005,dp:0.2,R:1.0,92.86 ± 0.44,92.83 ± 0.42
regcn,ft:0,n_layer:4,he:8,hd:64,lr:0.001,wd:0.0005,dp:0.2,R:10.0,92.68 ± 0.41,92.67 ± 0.40
regcn,ft:0,n_layer:4,he:8,hd:64,lr:0.001,wd:0.0005,dp:0.2,R:100.0,93.71 ± 0.40,93.64 ± 0.39
regcn,ft:0,n_layer:4,he:8,hd:64,lr:0.001,wd:0.0005,dp:0.5,R:1.0,92.82 ± 0.42,92.82 ± 0.38
regcn,ft:0,n_layer:4,he:8,hd:64,lr:0.001,wd:0.0005,dp:0.5,R:10.0,93.04 ± 0.25,93.03 ± 0.25
regcn,ft:0,n_layer:4,he:8,hd:64,lr:0.001,wd:0.0005,dp:0.5,R:100.0,93.56 ± 0.55,93.53 ± 0.54
regcn,ft:0,n_layer:4,he:8,hd:64,lr:0.001,wd:0.0005,dp:0.7,R:1.0,88.29 ± 6.13,89.34 ± 4.39
regcn,ft:0,n_layer:4,he:8,hd:64,lr:0.001,wd:0.0005,dp:0.7,R:10.0,90.11 ± 1.67,90.35 ± 1.45
regcn,ft:0,n_layer:4,he:8,hd:64,lr:0.001,wd:0.0005,dp:0.7,R:100.0,59.25 ± 25.84,70.09 ± 16.24
regcn,ft:0,n_layer:4,he:8,hd:64,lr:0.001,wd:0.001,dp:0.2,R:1.0,92.42 ± 0.46,92.44 ± 0.43
regcn,ft:0,n_layer:4,he:8,hd:64,lr:0.001,wd:0.001,dp:0.2,R:10.0,93.16 ± 0.33,93.14 ± 0.31
regcn,ft:0,n_layer:4,he:8,hd:64,lr:0.001,wd:0.001,dp:0.2,R:100.0,93.61 ± 0.34,93.55 ± 0.34
regcn,ft:0,n_layer:4,he:8,hd:64,lr:0.001,wd:0.001,dp:0.5,R:1.0,92.83 ± 0.42,92.83 ± 0.39
regcn,ft:0,n_layer:4,he:8,hd:64,lr:0.001,wd:0.001,dp:0.5,R:10.0,93.06 ± 0.31,93.05 ± 0.30
regcn,ft:0,n_layer:4,he:8,hd:64,lr:0.001,wd:0.001,dp:0.5,R:100.0,93.70 ± 0.40,93.67 ± 0.38
regcn,ft:0,n_layer:4,he:8,hd:64,lr:0.001,wd:0.001,dp:0.7,R:1.0,87.87 ± 5.25,88.92 ± 3.94
regcn,ft:0,n_layer:4,he:8,hd:64,lr:0.001,wd:0.001,dp:0.7,R:10.0,90.13 ± 1.49,90.36 ± 1.29
regcn,ft:0,n_layer:4,he:8,hd:64,lr:0.001,wd:0.001,dp:0.7,R:100.0,62.34 ± 27.35,71.93 ± 17.46
regcn,ft:0,n_layer:4,he:8,hd:64,lr:0.001,wd:0.005,dp:0.2,R:1.0,92.54 ± 0.35,92.57 ± 0.33
regcn,ft:0,n_layer:4,he:8,hd:64,lr:0.001,wd:0.005,dp:0.2,R:10.0,93.34 ± 0.41,93.31 ± 0.40
regcn,ft:0,n_layer:4,he:8,hd:64,lr:0.001,wd:0.005,dp:0.2,R:100.0,93.71 ± 0.44,93.64 ± 0.42
regcn,ft:0,n_layer:4,he:8,hd:64,lr:0.001,wd:0.005,dp:0.5,R:1.0,92.92 ± 0.38,92.90 ± 0.35
regcn,ft:0,n_layer:4,he:8,hd:64,lr:0.001,wd:0.005,dp:0.5,R:10.0,93.38 ± 0.27,93.35 ± 0.26
regcn,ft:0,n_layer:4,he:8,hd:64,lr:0.001,wd:0.005,dp:0.5,R:100.0,93.42 ± 0.53,93.40 ± 0.52
regcn,ft:0,n_layer:4,he:8,hd:64,lr:0.001,wd:0.005,dp:0.7,R:1.0,85.69 ± 6.00,87.24 ± 4.38
regcn,ft:0,n_layer:4,he:8,hd:64,lr:0.001,wd:0.005,dp:0.7,R:10.0,89.61 ± 1.43,89.91 ± 1.23
regcn,ft:0,n_layer:4,he:8,hd:64,lr:0.001,wd:0.005,dp:0.7,R:100.0,54.42 ± 27.72,66.61 ± 17.81
regcn,ft:0,n_layer:4,he:8,hd:64,lr:0.005,wd:0.0,dp:0.2,R:1.0,92.00 ± 0.82,92.04 ± 0.79
regcn,ft:0,n_layer:4,he:8,hd:64,lr:0.005,wd:0.0,dp:0.2,R:10.0,93.49 ± 0.39,93.45 ± 0.37
regcn,ft:0,n_layer:4,he:8,hd:64,lr:0.005,wd:0.0,dp:0.2,R:100.0,91.90 ± 2.08,91.95 ± 1.93
regcn,ft:0,n_layer:4,he:8,hd:64,lr:0.005,wd:0.0,dp:0.5,R:1.0,92.97 ± 0.83,92.98 ± 0.77
regcn,ft:0,n_layer:4,he:8,hd:64,lr:0.005,wd:0.0,dp:0.5,R:10.0,93.57 ± 0.50,93.55 ± 0.47
regcn,ft:0,n_layer:4,he:8,hd:64,lr:0.005,wd:0.0,dp:0.5,R:100.0,78.49 ± 27.57,83.66 ± 17.33
regcn,ft:0,n_layer:4,he:8,hd:64,lr:0.005,wd:0.0,dp:0.7,R:1.0,66.73 ± 10.78,76.38 ± 6.34
regcn,ft:0,n_layer:4,he:8,hd:64,lr:0.005,wd:0.0,dp:0.7,R:10.0,76.66 ± 17.72,81.03 ± 11.53
regcn,ft:0,n_layer:4,he:8,hd:64,lr:0.005,wd:0.0,dp:0.7,R:100.0,33.36 ± 20.68,55.01 ± 12.67
regcn,ft:0,n_layer:4,he:8,hd:64,lr:0.005,wd:0.0005,dp:0.2,R:1.0,92.00 ± 0.68,92.04 ± 0.64
regcn,ft:0,n_layer:4,he:8,hd:64,lr:0.005,wd:0.0005,dp:0.2,R:10.0,93.43 ± 0.45,93.40 ± 0.44
regcn,ft:0,n_layer:4,he:8,hd:64,lr:0.005,wd:0.0005,dp:0.2,R:100.0,91.63 ± 2.02,91.64 ± 1.89
regcn,ft:0,n_layer:4,he:8,hd:64,lr:0.005,wd:0.0005,dp:0.5,R:1.0,92.63 ± 0.39,92.63 ± 0.37
regcn,ft:0,n_layer:4,he:8,hd:64,lr:0.005,wd:0.0005,dp:0.5,R:10.0,93.06 ± 1.48,93.09 ± 1.39
regcn,ft:0,n_layer:4,he:8,hd:64,lr:0.005,wd:0.0005,dp:0.5,R:100.0,90.14 ± 8.80,90.67 ± 7.23
regcn,ft:0,n_layer:4,he:8,hd:64,lr:0.005,wd:0.0005,dp:0.7,R:1.0,66.52 ± 8.17,75.88 ± 4.44
regcn,ft:0,n_layer:4,he:8,hd:64,lr:0.005,wd:0.0005,dp:0.7,R:10.0,75.22 ± 16.64,80.54 ± 10.47
regcn,ft:0,n_layer:4,he:8,hd:64,lr:0.005,wd:0.0005,dp:0.7,R:100.0,38.32 ± 19.22,57.51 ± 11.80
regcn,ft:0,n_layer:4,he:8,hd:64,lr:0.005,wd:0.001,dp:0.2,R:1.0,92.58 ± 0.63,92.60 ± 0.59
regcn,ft:0,n_layer:4,he:8,hd:64,lr:0.005,wd:0.001,dp:0.2,R:10.0,93.49 ± 0.71,93.46 ± 0.68
regcn,ft:0,n_layer:4,he:8,hd:64,lr:0.005,wd:0.001,dp:0.2,R:100.0,87.82 ± 8.60,88.79 ± 6.76
regcn,ft:0,n_layer:4,he:8,hd:64,lr:0.005,wd:0.001,dp:0.5,R:1.0,92.65 ± 0.83,92.66 ± 0.79
regcn,ft:0,n_layer:4,he:8,hd:64,lr:0.005,wd:0.001,dp:0.5,R:10.0,93.28 ± 1.57,93.31 ± 1.46
regcn,ft:0,n_layer:4,he:8,hd:64,lr:0.005,wd:0.001,dp:0.5,R:100.0,85.31 ± 21.19,88.02 ± 13.15
regcn,ft:0,n_layer:4,he:8,hd:64,lr:0.005,wd:0.001,dp:0.7,R:1.0,68.23 ± 8.32,76.65 ± 4.15
regcn,ft:0,n_layer:4,he:8,hd:64,lr:0.005,wd:0.001,dp:0.7,R:10.0,77.73 ± 16.06,82.01 ± 10.17
regcn,ft:0,n_layer:4,he:8,hd:64,lr:0.005,wd:0.001,dp:0.7,R:100.0,38.16 ± 14.72,57.95 ± 9.18
regcn,ft:0,n_layer:4,he:8,hd:64,lr:0.005,wd:0.005,dp:0.2,R:1.0,92.58 ± 0.82,92.59 ± 0.77
regcn,ft:0,n_layer:4,he:8,hd:64,lr:0.005,wd:0.005,dp:0.2,R:10.0,93.40 ± 0.44,93.36 ± 0.42
regcn,ft:0,n_layer:4,he:8,hd:64,lr:0.005,wd:0.005,dp:0.2,R:100.0,80.29 ± 13.63,83.84 ± 8.89
regcn,ft:0,n_layer:4,he:8,hd:64,lr:0.005,wd:0.005,dp:0.5,R:1.0,91.43 ± 1.86,91.54 ± 1.62
regcn,ft:0,n_layer:4,he:8,hd:64,lr:0.005,wd:0.005,dp:0.5,R:10.0,93.03 ± 0.28,93.05 ± 0.26
regcn,ft:0,n_layer:4,he:8,hd:64,lr:0.005,wd:0.005,dp:0.5,R:100.0,91.93 ± 1.93,92.02 ± 1.67
regcn,ft:0,n_layer:4,he:8,hd:64,lr:0.005,wd:0.005,dp:0.7,R:1.0,60.49 ± 3.04,72.89 ± 1.32
regcn,ft:0,n_layer:4,he:8,hd:64,lr:0.005,wd:0.005,dp:0.7,R:10.0,69.38 ± 19.92,76.74 ± 12.46
regcn,ft:0,n_layer:4,he:8,hd:64,lr:0.005,wd:0.005,dp:0.7,R:100.0,26.85 ± 10.51,51.31 ± 6.68
regcn,ft:0,n_layer:5,he:8,hd:64,lr:0.001,wd:0.0,dp:0.2,R:1.0,92.36 ± 0.56,92.37 ± 0.52
regcn,ft:0,n_layer:5,he:8,hd:64,lr:0.001,wd:0.0,dp:0.2,R:10.0,92.69 ± 0.19,92.69 ± 0.17
regcn,ft:0,n_layer:5,he:8,hd:64,lr:0.001,wd:0.0,dp:0.2,R:100.0,93.59 ± 0.69,93.54 ± 0.66
regcn,ft:0,n_layer:5,he:8,hd:64,lr:0.001,wd:0.0,dp:0.5,R:1.0,92.70 ± 0.31,92.72 ± 0.29
regcn,ft:0,n_layer:5,he:8,hd:64,lr:0.001,wd:0.0,dp:0.5,R:10.0,92.99 ± 0.42,92.98 ± 0.40
regcn,ft:0,n_layer:5,he:8,hd:64,lr:0.001,wd:0.0,dp:0.5,R:100.0,93.54 ± 0.44,93.52 ± 0.42
regcn,ft:0,n_layer:5,he:8,hd:64,lr:0.001,wd:0.0,dp:0.7,R:1.0,60.69 ± 2.26,72.96 ± 1.02
regcn,ft:0,n_layer:5,he:8,hd:64,lr:0.001,wd:0.0,dp:0.7,R:10.0,77.31 ± 2.81,80.98 ± 1.71
regcn,ft:0,n_layer:5,he:8,hd:64,lr:0.001,wd:0.0,dp:0.7,R:100.0,47.30 ± 27.02,63.37 ± 16.01
regcn,ft:0,n_layer:5,he:8,hd:64,lr:0.001,wd:0.0005,dp:0.2,R:1.0,92.29 ± 0.53,92.32 ± 0.51
regcn,ft:0,n_layer:5,he:8,hd:64,lr:0.001,wd:0.0005,dp:0.2,R:10.0,92.88 ± 0.39,92.87 ± 0.36
regcn,ft:0,n_layer:5,he:8,hd:64,lr:0.001,wd:0.0005,dp:0.2,R:100.0,93.89 ± 0.41,93.80 ± 0.40
regcn,ft:0,n_layer:5,he:8,hd:64,lr:0.001,wd:0.0005,dp:0.5,R:1.0,92.79 ± 0.40,92.81 ± 0.37
regcn,ft:0,n_layer:5,he:8,hd:64,lr:0.001,wd:0.0005,dp:0.5,R:10.0,93.06 ± 0.31,93.05 ± 0.30
regcn,ft:0,n_layer:5,he:8,hd:64,lr:0.001,wd:0.0005,dp:0.5,R:100.0,93.52 ± 0.48,93.51 ± 0.45
regcn,ft:0,n_layer:5,he:8,hd:64,lr:0.001,wd:0.0005,dp:0.7,R:1.0,60.11 ± 1.86,72.70 ± 0.80
regcn,ft:0,n_layer:5,he:8,hd:64,lr:0.001,wd:0.0005,dp:0.7,R:10.0,77.57 ± 3.68,81.21 ± 2.35
regcn,ft:0,n_layer:5,he:8,hd:64,lr:0.001,wd:0.0005,dp:0.7,R:100.0,40.98 ± 22.90,59.22 ± 13.54
regcn,ft:0,n_layer:5,he:8,hd:64,lr:0.001,wd:0.001,dp:0.2,R:1.0,92.36 ± 0.57,92.37 ± 0.54
regcn,ft:0,n_layer:5,he:8,hd:64,lr:0.001,wd:0.001,dp:0.2,R:10.0,93.09 ± 0.39,93.07 ± 0.38
regcn,ft:0,n_layer:5,he:8,hd:64,lr:0.001,wd:0.001,dp:0.2,R:100.0,93.74 ± 0.22,93.66 ± 0.22
regcn,ft:0,n_layer:5,he:8,hd:64,lr:0.001,wd:0.001,dp:0.5,R:1.0,92.91 ± 0.41,92.91 ± 0.39
regcn,ft:0,n_layer:5,he:8,hd:64,lr:0.001,wd:0.001,dp:0.5,R:10.0,93.26 ± 0.33,93.24 ± 0.32
regcn,ft:0,n_layer:5,he:8,hd:64,lr:0.001,wd:0.001,dp:0.5,R:100.0,93.61 ± 0.52,93.59 ± 0.49
regcn,ft:0,n_layer:5,he:8,hd:64,lr:0.001,wd:0.001,dp:0.7,R:1.0,60.04 ± 1.38,72.68 ± 0.60
regcn,ft:0,n_layer:5,he:8,hd:64,lr:0.001,wd:0.001,dp:0.7,R:10.0,77.30 ± 2.79,80.98 ± 1.73
regcn,ft:0,n_layer:5,he:8,hd:64,lr:0.001,wd:0.001,dp:0.7,R:100.0,40.87 ± 22.64,59.14 ± 13.39
regcn,ft:0,n_layer:5,he:8,hd:64,lr:0.001,wd:0.005,dp:0.2,R:1.0,92.81 ± 0.40,92.80 ± 0.37
regcn,ft:0,n_layer:5,he:8,hd:64,lr:0.001,wd:0.005,dp:0.2,R:10.0,93.02 ± 0.39,93.00 ± 0.38
regcn,ft:0,n_layer:5,he:8,hd:64,lr:0.001,wd:0.005,dp:0.2,R:100.0,93.81 ± 0.30,93.73 ± 0.29
regcn,ft:0,n_layer:5,he:8,hd:64,lr:0.001,wd:0.005,dp:0.5,R:1.0,92.81 ± 0.55,92.81 ± 0.52
regcn,ft:0,n_layer:5,he:8,hd:64,lr:0.001,wd:0.005,dp:0.5,R:10.0,93.46 ± 0.31,93.42 ± 0.29
regcn,ft:0,n_layer:5,he:8,hd:64,lr:0.001,wd:0.005,dp:0.5,R:100.0,93.76 ± 0.25,93.72 ± 0.24
regcn,ft:0,n_layer:5,he:8,hd:64,lr:0.001,wd:0.005,dp:0.7,R:1.0,60.37 ± 2.24,72.85 ± 0.97
regcn,ft:0,n_layer:5,he:8,hd:64,lr:0.001,wd:0.005,dp:0.7,R:10.0,77.55 ± 3.14,81.17 ± 1.90
regcn,ft:0,n_layer:5,he:8,hd:64,lr:0.001,wd:0.005,dp:0.7,R:100.0,41.43 ± 23.57,59.52 ± 14.02
regcn,ft:0,n_layer:5,he:8,hd:64,lr:0.005,wd:0.0,dp:0.2,R:1.0,92.29 ± 1.00,92.31 ± 0.92
regcn,ft:0,n_layer:5,he:8,hd:64,lr:0.005,wd:0.0,dp:0.2,R:10.0,93.05 ± 0.49,93.04 ± 0.45
regcn,ft:0,n_layer:5,he:8,hd:64,lr:0.005,wd:0.0,dp:0.2,R:100.0,91.66 ± 2.50,91.76 ± 2.25
regcn,ft:0,n_layer:5,he:8,hd:64,lr:0.005,wd:0.0,dp:0.5,R:1.0,92.59 ± 0.84,92.61 ± 0.80
regcn,ft:0,n_layer:5,he:8,hd:64,lr:0.005,wd:0.0,dp:0.5,R:10.0,93.24 ± 0.46,93.26 ± 0.44
regcn,ft:0,n_layer:5,he:8,hd:64,lr:0.005,wd:0.0,dp:0.5,R:100.0,73.36 ± 28.86,80.21 ± 18.07
regcn,ft:0,n_layer:5,he:8,hd:64,lr:0.005,wd:0.0,dp:0.7,R:1.0,51.84 ± 13.51,67.09 ± 8.64
regcn,ft:0,n_layer:5,he:8,hd:64,lr:0.005,wd:0.0,dp:0.7,R:10.0,67.17 ± 19.25,75.92 ± 11.40
regcn,ft:0,n_layer:5,he:8,hd:64,lr:0.005,wd:0.0,dp:0.7,R:100.0,30.53 ± 13.75,52.19 ± 7.43
regcn,ft:0,n_layer:5,he:8,hd:64,lr:0.005,wd:0.0005,dp:0.2,R:1.0,91.51 ± 2.48,91.64 ± 2.18
regcn,ft:0,n_layer:5,he:8,hd:64,lr:0.005,wd:0.0005,dp:0.2,R:10.0,93.38 ± 0.71,93.36 ± 0.65
regcn,ft:0,n_layer:5,he:8,hd:64,lr:0.005,wd:0.0005,dp:0.2,R:100.0,83.49 ± 14.27,86.51 ± 9.12
regcn,ft:0,n_layer:5,he:8,hd:64,lr:0.005,wd:0.0005,dp:0.5,R:1.0,91.99 ± 1.36,92.05 ± 1.24
regcn,ft:0,n_layer:5,he:8,hd:64,lr:0.005,wd:0.0005,dp:0.5,R:10.0,93.46 ± 0.40,93.47 ± 0.36
regcn,ft:0,n_layer:5,he:8,hd:64,lr:0.005,wd:0.0005,dp:0.5,R:100.0,85.24 ± 21.14,87.98 ± 13.16
regcn,ft:0,n_layer:5,he:8,hd:64,lr:0.005,wd:0.0005,dp:0.7,R:1.0,51.72 ± 10.52,66.68 ± 7.93
regcn,ft:0,n_layer:5,he:8,hd:64,lr:0.005,wd:0.0005,dp:0.7,R:10.0,74.65 ± 18.27,79.89 ± 11.11
regcn,ft:0,n_layer:5,he:8,hd:64,lr:0.005,wd:0.0005,dp:0.7,R:100.0,22.15 ± 0.60,48.80 ± 0.19
regcn,ft:0,n_layer:5,he:8,hd:64,lr:0.005,wd:0.001,dp:0.2,R:1.0,92.79 ± 0.51,92.79 ± 0.49
regcn,ft:0,n_layer:5,he:8,hd:64,lr:0.005,wd:0.001,dp:0.2,R:10.0,93.19 ± 0.58,93.17 ± 0.55
regcn,ft:0,n_layer:5,he:8,hd:64,lr:0.005,wd:0.001,dp:0.2,R:100.0,86.21 ± 10.16,87.87 ± 6.35
regcn,ft:0,n_layer:5,he:8,hd:64,lr:0.005,wd:0.001,dp:0.5,R:1.0,88.63 ± 10.04,90.02 ± 6.20
regcn,ft:0,n_layer:5,he:8,hd:64,lr:0.005,wd:0.001,dp:0.5,R:10.0,93.46 ± 0.39,93.43 ± 0.36
regcn,ft:0,n_layer:5,he:8,hd:64,lr:0.005,wd:0.001,dp:0.5,R:100.0,92.63 ± 1.36,92.67 ± 1.28
regcn,ft:0,n_layer:5,he:8,hd:64,lr:0.005,wd:0.001,dp:0.7,R:1.0,51.09 ± 11.95,66.44 ± 8.47
regcn,ft:0,n_layer:5,he:8,hd:64,lr:0.005,wd:0.001,dp:0.7,R:10.0,62.55 ± 25.70,72.58 ± 15.82
regcn,ft:0,n_layer:5,he:8,hd:64,lr:0.005,wd:0.001,dp:0.7,R:100.0,23.73 ± 3.31,48.18 ± 2.17
regcn,ft:0,n_layer:5,he:8,hd:64,lr:0.005,wd:0.005,dp:0.2,R:1.0,90.98 ± 2.85,91.19 ± 2.52
regcn,ft:0,n_layer:5,he:8,hd:64,lr:0.005,wd:0.005,dp:0.2,R:10.0,93.50 ± 0.37,93.46 ± 0.36
regcn,ft:0,n_layer:5,he:8,hd:64,lr:0.005,wd:0.005,dp:0.2,R:100.0,88.41 ± 10.40,89.79 ± 6.27
regcn,ft:0,n_layer:5,he:8,hd:64,lr:0.005,wd:0.005,dp:0.5,R:1.0,90.93 ± 1.45,91.07 ± 1.33
regcn,ft:0,n_layer:5,he:8,hd:64,lr:0.005,wd:0.005,dp:0.5,R:10.0,93.31 ± 0.25,93.30 ± 0.24
regcn,ft:0,n_layer:5,he:8,hd:64,lr:0.005,wd:0.005,dp:0.5,R:100.0,87.21 ± 11.01,88.98 ± 7.08
regcn,ft:0,n_layer:5,he:8,hd:64,lr:0.005,wd:0.005,dp:0.7,R:1.0,55.47 ± 8.25,69.69 ± 6.02
regcn,ft:0,n_layer:5,he:8,hd:64,lr:0.005,wd:0.005,dp:0.7,R:10.0,56.72 ± 23.68,69.66 ± 14.47
regcn,ft:0,n_layer:5,he:8,hd:64,lr:0.005,wd:0.005,dp:0.7,R:100.0,22.48 ± 1.79,48.95 ± 0.61
regcn,ft:2,n_layer:3,he:8,hd:64,lr:0.001,wd:0.001,dp:0.6,R:100,93.40 ± 0.20,93.39 ± 0.21
regcn,ft:1,n_layer:3,he:8,hd:64,lr:0.001,wd:0.001,dp:0.6,R:100,93.39 ± 0.31,93.38 ± 0.29
regcn,ft:0,n_layer:5,he:8,hd:64,lr:0.001,wd:0.0005,dp:0.2,R:100,93.85 ± 0.45,93.75 ± 0.44
regcn,ft:2,n_layer:5,he:8,hd:64,lr:0.001,wd:0.0005,dp:0.2,R:100,93.44 ± 0.23,93.43 ± 0.21
regcn,ft:1,n_layer:3,he:8,hd:64,lr:0.001,wd:0.0,dp:0.2,R:1.0,93.57 ± 0.14,93.54 ± 0.14
regcn,ft:1,n_layer:3,he:8,hd:64,lr:0.001,wd:0.0,dp:0.2,R:10.0,93.72 ± 0.28,93.69 ± 0.27
regcn,ft:1,n_layer:3,he:8,hd:64,lr:0.001,wd:0.0,dp:0.2,R:100.0,93.44 ± 0.28,93.42 ± 0.28
regcn,ft:1,n_layer:3,he:8,hd:64,lr:0.001,wd:0.0,dp:0.5,R:1.0,93.56 ± 0.17,93.54 ± 0.16
regcn,ft:1,n_layer:3,he:8,hd:64,lr:0.001,wd:0.0,dp:0.5,R:10.0,93.66 ± 0.22,93.63 ± 0.22
regcn,ft:1,n_layer:3,he:8,hd:64,lr:0.001,wd:0.0,dp:0.5,R:100.0,93.76 ± 0.19,93.73 ± 0.18
regcn,ft:1,n_layer:3,he:8,hd:64,lr:0.001,wd:0.0,dp:0.7,R:1.0,93.66 ± 0.32,93.63 ± 0.30
regcn,ft:1,n_layer:3,he:8,hd:64,lr:0.001,wd:0.0,dp:0.7,R:10.0,92.66 ± 0.30,92.67 ± 0.28
regcn,ft:1,n_layer:3,he:8,hd:64,lr:0.001,wd:0.0,dp:0.7,R:100.0,92.33 ± 0.76,92.35 ± 0.72
regcn,ft:1,n_layer:3,he:8,hd:64,lr:0.001,wd:0.0005,dp:0.2,R:1.0,93.55 ± 0.13,93.53 ± 0.13
regcn,ft:1,n_layer:3,he:8,hd:64,lr:0.001,wd:0.0005,dp:0.2,R:10.0,93.75 ± 0.24,93.72 ± 0.24
regcn,ft:1,n_layer:3,he:8,hd:64,lr:0.001,wd:0.0005,dp:0.2,R:100.0,93.46 ± 0.26,93.44 ± 0.26
regcn,ft:1,n_layer:3,he:8,hd:64,lr:0.001,wd:0.0005,dp:0.5,R:1.0,93.63 ± 0.17,93.61 ± 0.17
regcn,ft:1,n_layer:3,he:8,hd:64,lr:0.001,wd:0.0005,dp:0.5,R:10.0,93.68 ± 0.21,93.65 ± 0.21
regcn,ft:1,n_layer:3,he:8,hd:64,lr:0.001,wd:0.0005,dp:0.5,R:100.0,93.78 ± 0.19,93.75 ± 0.17
regcn,ft:1,n_layer:3,he:8,hd:64,lr:0.001,wd:0.0005,dp:0.7,R:1.0,93.56 ± 0.26,93.53 ± 0.25
regcn,ft:1,n_layer:3,he:8,hd:64,lr:0.001,wd:0.0005,dp:0.7,R:10.0,92.62 ± 0.26,92.64 ± 0.25
regcn,ft:1,n_layer:3,he:8,hd:64,lr:0.001,wd:0.0005,dp:0.7,R:100.0,92.60 ± 0.30,92.62 ± 0.28
regcn,ft:1,n_layer:3,he:8,hd:64,lr:0.001,wd:0.001,dp:0.2,R:1.0,93.60 ± 0.17,93.58 ± 0.16
regcn,ft:1,n_layer:3,he:8,hd:64,lr:0.001,wd:0.001,dp:0.2,R:10.0,93.82 ± 0.13,93.79 ± 0.13
regcn,ft:1,n_layer:3,he:8,hd:64,lr:0.001,wd:0.001,dp:0.2,R:100.0,93.47 ± 0.26,93.45 ± 0.26
regcn,ft:1,n_layer:3,he:8,hd:64,lr:0.001,wd:0.001,dp:0.5,R:1.0,93.70 ± 0.26,93.68 ± 0.25
regcn,ft:1,n_layer:3,he:8,hd:64,lr:0.001,wd:0.001,dp:0.5,R:10.0,93.69 ± 0.16,93.66 ± 0.16
regcn,ft:1,n_layer:3,he:8,hd:64,lr:0.001,wd:0.001,dp:0.5,R:100.0,93.78 ± 0.19,93.76 ± 0.17
regcn,ft:1,n_layer:3,he:8,hd:64,lr:0.001,wd:0.001,dp:0.7,R:1.0,93.67 ± 0.31,93.64 ± 0.29
regcn,ft:1,n_layer:3,he:8,hd:64,lr:0.001,wd:0.001,dp:0.7,R:10.0,92.63 ± 0.30,92.65 ± 0.29
regcn,ft:1,n_layer:3,he:8,hd:64,lr:0.001,wd:0.001,dp:0.7,R:100.0,92.58 ± 0.53,92.60 ± 0.51
regcn,ft:1,n_layer:3,he:8,hd:64,lr:0.001,wd:0.005,dp:0.2,R:1.0,93.61 ± 0.19,93.60 ± 0.18
regcn,ft:1,n_layer:3,he:8,hd:64,lr:0.001,wd:0.005,dp:0.2,R:10.0,93.81 ± 0.17,93.80 ± 0.16
regcn,ft:1,n_layer:3,he:8,hd:64,lr:0.001,wd:0.005,dp:0.2,R:100.0,93.58 ± 0.19,93.58 ± 0.18
regcn,ft:1,n_layer:3,he:8,hd:64,lr:0.001,wd:0.005,dp:0.5,R:1.0,93.72 ± 0.14,93.70 ± 0.13
regcn,ft:1,n_layer:3,he:8,hd:64,lr:0.001,wd:0.005,dp:0.5,R:10.0,93.76 ± 0.21,93.75 ± 0.21
regcn,ft:1,n_layer:3,he:8,hd:64,lr:0.001,wd:0.005,dp:0.5,R:100.0,93.86 ± 0.16,93.85 ± 0.14
regcn,ft:1,n_layer:3,he:8,hd:64,lr:0.001,wd:0.005,dp:0.7,R:1.0,93.62 ± 0.20,93.61 ± 0.20
regcn,ft:1,n_layer:3,he:8,hd:64,lr:0.001,wd:0.005,dp:0.7,R:10.0,92.94 ± 0.16,92.96 ± 0.15
regcn,ft:1,n_layer:3,he:8,hd:64,lr:0.001,wd:0.005,dp:0.7,R:100.0,92.88 ± 0.23,92.90 ± 0.21
regcn,ft:1,n_layer:3,he:8,hd:64,lr:0.005,wd:0.0,dp:0.2,R:1.0,93.09 ± 0.37,93.05 ± 0.36
regcn,ft:1,n_layer:3,he:8,hd:64,lr:0.005,wd:0.0,dp:0.2,R:10.0,93.07 ± 0.67,93.04 ± 0.63
regcn,ft:1,n_layer:3,he:8,hd:64,lr:0.005,wd:0.0,dp:0.2,R:100.0,93.07 ± 0.64,93.02 ± 0.61
regcn,ft:1,n_layer:3,he:8,hd:64,lr:0.005,wd:0.0,dp:0.5,R:1.0,93.25 ± 0.56,93.22 ± 0.53
regcn,ft:1,n_layer:3,he:8,hd:64,lr:0.005,wd:0.0,dp:0.5,R:10.0,92.94 ± 0.61,92.91 ± 0.59
regcn,ft:1,n_layer:3,he:8,hd:64,lr:0.005,wd:0.0,dp:0.5,R:100.0,92.18 ± 1.28,92.23 ± 1.21
regcn,ft:1,n_layer:3,he:8,hd:64,lr:0.005,wd:0.0,dp:0.7,R:1.0,93.41 ± 0.26,93.40 ± 0.25
regcn,ft:1,n_layer:3,he:8,hd:64,lr:0.005,wd:0.0,dp:0.7,R:10.0,92.72 ± 0.46,92.73 ± 0.43
regcn,ft:1,n_layer:3,he:8,hd:64,lr:0.005,wd:0.0,dp:0.7,R:100.0,92.15 ± 1.36,92.20 ± 1.29
regcn,ft:1,n_layer:3,he:8,hd:64,lr:0.005,wd:0.0005,dp:0.2,R:1.0,93.07 ± 0.43,93.03 ± 0.41
regcn,ft:1,n_layer:3,he:8,hd:64,lr:0.005,wd:0.0005,dp:0.2,R:10.0,93.33 ± 0.31,93.28 ± 0.30
regcn,ft:1,n_layer:3,he:8,hd:64,lr:0.005,wd:0.0005,dp:0.2,R:100.0,93.10 ± 0.55,93.04 ± 0.52
regcn,ft:1,n_layer:3,he:8,hd:64,lr:0.005,wd:0.0005,dp:0.5,R:1.0,93.29 ± 0.55,93.26 ± 0.52
regcn,ft:1,n_layer:3,he:8,hd:64,lr:0.005,wd:0.0005,dp:0.5,R:10.0,92.91 ± 0.53,92.88 ± 0.50
regcn,ft:1,n_layer:3,he:8,hd:64,lr:0.005,wd:0.0005,dp:0.5,R:100.0,92.82 ± 0.81,92.80 ± 0.82
regcn,ft:1,n_layer:3,he:8,hd:64,lr:0.005,wd:0.0005,dp:0.7,R:1.0,93.21 ± 0.31,93.20 ± 0.29
regcn,ft:1,n_layer:3,he:8,hd:64,lr:0.005,wd:0.0005,dp:0.7,R:10.0,92.91 ± 0.34,92.92 ± 0.31
regcn,ft:1,n_layer:3,he:8,hd:64,lr:0.005,wd:0.0005,dp:0.7,R:100.0,92.01 ± 0.88,92.07 ± 0.83
regcn,ft:1,n_layer:3,he:8,hd:64,lr:0.005,wd:0.001,dp:0.2,R:1.0,92.92 ± 0.52,92.89 ± 0.48
regcn,ft:1,n_layer:3,he:8,hd:64,lr:0.005,wd:0.001,dp:0.2,R:10.0,93.33 ± 0.31,93.28 ± 0.30
regcn,ft:1,n_layer:3,he:8,hd:64,lr:0.005,wd:0.001,dp:0.2,R:100.0,93.14 ± 0.50,93.07 ± 0.48
regcn,ft:1,n_layer:3,he:8,hd:64,lr:0.005,wd:0.001,dp:0.5,R:1.0,93.29 ± 0.54,93.26 ± 0.51
regcn,ft:1,n_layer:3,he:8,hd:64,lr:0.005,wd:0.001,dp:0.5,R:10.0,92.93 ± 0.55,92.91 ± 0.53
regcn,ft:1,n_layer:3,he:8,hd:64,lr:0.005,wd:0.001,dp:0.5,R:100.0,92.90 ± 0.80,92.88 ± 0.78
regcn,ft:1,n_layer:3,he:8,hd:64,lr:0.005,wd:0.001,dp:0.7,R:1.0,93.30 ± 0.31,93.29 ± 0.29
regcn,ft:1,n_layer:3,he:8,hd:64,lr:0.005,wd:0.001,dp:0.7,R:10.0,92.94 ± 0.42,92.94 ± 0.40
regcn,ft:1,n_layer:3,he:8,hd:64,lr:0.005,wd:0.001,dp:0.7,R:100.0,92.12 ± 1.38,92.17 ± 1.31
regcn,ft:1,n_layer:3,he:8,hd:64,lr:0.005,wd:0.005,dp:0.2,R:1.0,93.58 ± 0.48,93.52 ± 0.48
regcn,ft:1,n_layer:3,he:8,hd:64,lr:0.005,wd:0.005,dp:0.2,R:10.0,93.51 ± 0.27,93.47 ± 0.27
regcn,ft:1,n_layer:3,he:8,hd:64,lr:0.005,wd:0.005,dp:0.2,R:100.0,93.00 ± 0.50,92.98 ± 0.47
regcn,ft:1,n_layer:3,he:8,hd:64,lr:0.005,wd:0.005,dp:0.5,R:1.0,93.47 ± 0.40,93.45 ± 0.36
regcn,ft:1,n_layer:3,he:8,hd:64,lr:0.005,wd:0.005,dp:0.5,R:10.0,93.08 ± 0.76,93.08 ± 0.73
regcn,ft:1,n_layer:3,he:8,hd:64,lr:0.005,wd:0.005,dp:0.5,R:100.0,93.30 ± 0.69,93.30 ± 0.65
regcn,ft:1,n_layer:3,he:8,hd:64,lr:0.005,wd:0.005,dp:0.7,R:1.0,93.32 ± 0.27,93.31 ± 0.25
regcn,ft:1,n_layer:3,he:8,hd:64,lr:0.005,wd:0.005,dp:0.7,R:10.0,93.11 ± 0.31,93.10 ± 0.29
regcn,ft:1,n_layer:3,he:8,hd:64,lr:0.005,wd:0.005,dp:0.7,R:100.0,92.92 ± 0.42,92.93 ± 0.39
regcn,ft:1,n_layer:4,he:8,hd:64,lr:0.001,wd:0.0,dp:0.2,R:1.0,93.63 ± 0.21,93.59 ± 0.20
regcn,ft:1,n_layer:4,he:8,hd:64,lr:0.001,wd:0.0,dp:0.2,R:10.0,93.61 ± 0.34,93.58 ± 0.33
regcn,ft:1,n_layer:4,he:8,hd:64,lr:0.001,wd:0.0,dp:0.2,R:100.0,93.69 ± 0.23,93.65 ± 0.23
regcn,ft:1,n_layer:4,he:8,hd:64,lr:0.001,wd:0.0,dp:0.5,R:1.0,93.64 ± 0.31,93.61 ± 0.29
regcn,ft:1,n_layer:4,he:8,hd:64,lr:0.001,wd:0.0,dp:0.5,R:10.0,93.56 ± 0.27,93.53 ± 0.27
regcn,ft:1,n_layer:4,he:8,hd:64,lr:0.001,wd:0.0,dp:0.5,R:100.0,93.56 ± 0.34,93.53 ± 0.33
regcn,ft:1,n_layer:4,he:8,hd:64,lr:0.001,wd:0.0,dp:0.7,R:1.0,93.61 ± 0.24,93.58 ± 0.23
regcn,ft:1,n_layer:4,he:8,hd:64,lr:0.001,wd:0.0,dp:0.7,R:10.0,92.16 ± 0.40,92.20 ± 0.37
regcn,ft:1,n_layer:4,he:8,hd:64,lr:0.001,wd:0.0,dp:0.7,R:100.0,91.70 ± 0.31,91.79 ± 0.29
regcn,ft:1,n_layer:4,he:8,hd:64,lr:0.001,wd:0.0005,dp:0.2,R:1.0,93.64 ± 0.18,93.60 ± 0.18
regcn,ft:1,n_layer:4,he:8,hd:64,lr:0.001,wd:0.0005,dp:0.2,R:10.0,93.66 ± 0.28,93.63 ± 0.27
regcn,ft:1,n_layer:4,he:8,hd:64,lr:0.001,wd:0.0005,dp:0.2,R:100.0,93.62 ± 0.19,93.58 ± 0.20
regcn,ft:1,n_layer:4,he:8,hd:64,lr:0.001,wd:0.0005,dp:0.5,R:1.0,93.63 ± 0.27,93.60 ± 0.25
regcn,ft:1,n_layer:4,he:8,hd:64,lr:0.001,wd:0.0005,dp:0.5,R:10.0,93.49 ± 0.27,93.46 ± 0.26
regcn,ft:1,n_layer:4,he:8,hd:64,lr:0.001,wd:0.0005,dp:0.5,R:100.0,93.58 ± 0.30,93.56 ± 0.29
regcn,ft:1,n_layer:4,he:8,hd:64,lr:0.001,wd:0.0005,dp:0.7,R:1.0,93.58 ± 0.21,93.56 ± 0.20
regcn,ft:1,n_layer:4,he:8,hd:64,lr:0.001,wd:0.0005,dp:0.7,R:10.0,92.17 ± 0.38,92.21 ± 0.34
regcn,ft:1,n_layer:4,he:8,hd:64,lr:0.001,wd:0.0005,dp:0.7,R:100.0,91.75 ± 0.17,91.83 ± 0.17
regcn,ft:1,n_layer:4,he:8,hd:64,lr:0.001,wd:0.001,dp:0.2,R:1.0,93.61 ± 0.21,93.57 ± 0.21
regcn,ft:1,n_layer:4,he:8,hd:64,lr:0.001,wd:0.001,dp:0.2,R:10.0,93.77 ± 0.26,93.73 ± 0.23
regcn,ft:1,n_layer:4,he:8,hd:64,lr:0.001,wd:0.001,dp:0.2,R:100.0,93.64 ± 0.18,93.61 ± 0.17
regcn,ft:1,n_layer:4,he:8,hd:64,lr:0.001,wd:0.001,dp:0.5,R:1.0,93.61 ± 0.27,93.58 ± 0.26
regcn,ft:1,n_layer:4,he:8,hd:64,lr:0.001,wd:0.001,dp:0.5,R:10.0,93.51 ± 0.30,93.48 ± 0.29
regcn,ft:1,n_layer:4,he:8,hd:64,lr:0.001,wd:0.001,dp:0.5,R:100.0,93.64 ± 0.29,93.61 ± 0.29
regcn,ft:1,n_layer:4,he:8,hd:64,lr:0.001,wd:0.001,dp:0.7,R:1.0,93.64 ± 0.17,93.61 ± 0.17
regcn,ft:1,n_layer:4,he:8,hd:64,lr:0.001,wd:0.001,dp:0.7,R:10.0,92.26 ± 0.39,92.29 ± 0.35
regcn,ft:1,n_layer:4,he:8,hd:64,lr:0.001,wd:0.001,dp:0.7,R:100.0,91.73 ± 0.52,91.81 ± 0.47
regcn,ft:1,n_layer:4,he:8,hd:64,lr:0.001,wd:0.005,dp:0.2,R:1.0,93.67 ± 0.33,93.65 ± 0.32
regcn,ft:1,n_layer:4,he:8,hd:64,lr:0.001,wd:0.005,dp:0.2,R:10.0,93.84 ± 0.18,93.82 ± 0.18
regcn,ft:1,n_layer:4,he:8,hd:64,lr:0.001,wd:0.005,dp:0.2,R:100.0,93.68 ± 0.25,93.64 ± 0.24
regcn,ft:1,n_layer:4,he:8,hd:64,lr:0.001,wd:0.005,dp:0.5,R:1.0,93.70 ± 0.16,93.67 ± 0.15
regcn,ft:1,n_layer:4,he:8,hd:64,lr:0.001,wd:0.005,dp:0.5,R:10.0,93.61 ± 0.23,93.59 ± 0.22
regcn,ft:1,n_layer:4,he:8,hd:64,lr:0.001,wd:0.005,dp:0.5,R:100.0,93.77 ± 0.23,93.75 ± 0.22
regcn,ft:1,n_layer:4,he:8,hd:64,lr:0.001,wd:0.005,dp:0.7,R:1.0,93.63 ± 0.27,93.61 ± 0.25
regcn,ft:1,n_layer:4,he:8,hd:64,lr:0.001,wd:0.005,dp:0.7,R:10.0,92.42 ± 0.38,92.45 ± 0.35
regcn,ft:1,n_layer:4,he:8,hd:64,lr:0.001,wd:0.005,dp:0.7,R:100.0,91.95 ± 0.60,92.00 ± 0.57
regcn,ft:1,n_layer:4,he:8,hd:64,lr:0.005,wd:0.0,dp:0.2,R:1.0,93.21 ± 0.55,93.20 ± 0.49
regcn,ft:1,n_layer:4,he:8,hd:64,lr:0.005,wd:0.0,dp:0.2,R:10.0,93.33 ± 0.63,93.31 ± 0.58
regcn,ft:1,n_layer:4,he:8,hd:64,lr:0.005,wd:0.0,dp:0.2,R:100.0,92.88 ± 0.63,92.86 ± 0.55
regcn,ft:1,n_layer:4,he:8,hd:64,lr:0.005,wd:0.0,dp:0.5,R:1.0,93.59 ± 0.51,93.54 ± 0.46
regcn,ft:1,n_layer:4,he:8,hd:64,lr:0.005,wd:0.0,dp:0.5,R:10.0,93.04 ± 0.51,93.02 ± 0.46
regcn,ft:1,n_layer:4,he:8,hd:64,lr:0.005,wd:0.0,dp:0.5,R:100.0,93.06 ± 0.51,93.05 ± 0.48
regcn,ft:1,n_layer:4,he:8,hd:64,lr:0.005,wd:0.0,dp:0.7,R:1.0,93.25 ± 0.31,93.23 ± 0.30
regcn,ft:1,n_layer:4,he:8,hd:64,lr:0.005,wd:0.0,dp:0.7,R:10.0,92.70 ± 0.48,92.72 ± 0.46
regcn,ft:1,n_layer:4,he:8,hd:64,lr:0.005,wd:0.0,dp:0.7,R:100.0,91.79 ± 1.02,91.86 ± 0.96
regcn,ft:1,n_layer:4,he:8,hd:64,lr:0.005,wd:0.0005,dp:0.2,R:1.0,93.20 ± 0.60,93.18 ± 0.55
regcn,ft:1,n_layer:4,he:8,hd:64,lr:0.005,wd:0.0005,dp:0.2,R:10.0,93.34 ± 0.60,93.31 ± 0.54
regcn,ft:1,n_layer:4,he:8,hd:64,lr:0.005,wd:0.0005,dp:0.2,R:100.0,92.95 ± 0.49,92.92 ± 0.43
regcn,ft:1,n_layer:4,he:8,hd:64,lr:0.005,wd:0.0005,dp:0.5,R:1.0,93.59 ± 0.49,93.54 ± 0.46
regcn,ft:1,n_layer:4,he:8,hd:64,lr:0.005,wd:0.0005,dp:0.5,R:10.0,93.16 ± 0.41,93.13 ± 0.39
regcn,ft:1,n_layer:4,he:8,hd:64,lr:0.005,wd:0.0005,dp:0.5,R:100.0,91.95 ± 1.88,92.03 ± 1.78
regcn,ft:1,n_layer:4,he:8,hd:64,lr:0.005,wd:0.0005,dp:0.7,R:1.0,93.26 ± 0.23,93.24 ± 0.22
regcn,ft:1,n_layer:4,he:8,hd:64,lr:0.005,wd:0.0005,dp:0.7,R:10.0,92.50 ± 0.33,92.53 ± 0.31
regcn,ft:1,n_layer:4,he:8,hd:64,lr:0.005,wd:0.0005,dp:0.7,R:100.0,91.63 ± 1.55,91.72 ± 1.44
regcn,ft:1,n_layer:4,he:8,hd:64,lr:0.005,wd:0.001,dp:0.2,R:1.0,93.24 ± 0.54,93.21 ± 0.47
regcn,ft:1,n_layer:4,he:8,hd:64,lr:0.005,wd:0.001,dp:0.2,R:10.0,93.49 ± 0.46,93.47 ± 0.44
regcn,ft:1,n_layer:4,he:8,hd:64,lr:0.005,wd:0.001,dp:0.2,R:100.0,92.92 ± 0.52,92.90 ± 0.45
regcn,ft:1,n_layer:4,he:8,hd:64,lr:0.005,wd:0.001,dp:0.5,R:1.0,93.45 ± 0.60,93.41 ± 0.56
regcn,ft:1,n_layer:4,he:8,hd:64,lr:0.005,wd:0.001,dp:0.5,R:10.0,93.11 ± 0.44,93.10 ± 0.42
regcn,ft:1,n_layer:4,he:8,hd:64,lr:0.005,wd:0.001,dp:0.5,R:100.0,93.07 ± 0.29,93.06 ± 0.28
regcn,ft:1,n_layer:4,he:8,hd:64,lr:0.005,wd:0.001,dp:0.7,R:1.0,93.25 ± 0.32,93.23 ± 0.31
regcn,ft:1,n_layer:4,he:8,hd:64,lr:0.005,wd:0.001,dp:0.7,R:10.0,92.60 ± 0.42,92.63 ± 0.39
regcn,ft:1,n_layer:4,he:8,hd:64,lr:0.005,wd:0.001,dp:0.7,R:100.0,90.71 ± 1.52,90.84 ± 1.42
regcn,ft:1,n_layer:4,he:8,hd:64,lr:0.005,wd:0.005,dp:0.2,R:1.0,93.39 ± 0.37,93.35 ± 0.37
regcn,ft:1,n_layer:4,he:8,hd:64,lr:0.005,wd:0.005,dp:0.2,R:10.0,93.71 ± 0.47,93.68 ± 0.42
regcn,ft:1,n_layer:4,he:8,hd:64,lr:0.005,wd:0.005,dp:0.2,R:100.0,93.16 ± 0.61,93.13 ± 0.58
regcn,ft:1,n_layer:4,he:8,hd:64,lr:0.005,wd:0.005,dp:0.5,R:1.0,93.25 ± 0.49,93.23 ± 0.45
regcn,ft:1,n_layer:4,he:8,hd:64,lr:0.005,wd:0.005,dp:0.5,R:10.0,93.35 ± 0.32,93.33 ± 0.33
regcn,ft:1,n_layer:4,he:8,hd:64,lr:0.005,wd:0.005,dp:0.5,R:100.0,93.17 ± 0.53,93.17 ± 0.50
regcn,ft:1,n_layer:4,he:8,hd:64,lr:0.005,wd:0.005,dp:0.7,R:1.0,93.23 ± 0.23,93.22 ± 0.20
regcn,ft:1,n_layer:4,he:8,hd:64,lr:0.005,wd:0.005,dp:0.7,R:10.0,93.09 ± 0.32,93.09 ± 0.29
regcn,ft:1,n_layer:4,he:8,hd:64,lr:0.005,wd:0.005,dp:0.7,R:100.0,92.13 ± 1.27,92.18 ± 1.20
regcn,ft:1,n_layer:5,he:8,hd:64,lr:0.001,wd:0.0,dp:0.2,R:1.0,93.40 ± 0.32,93.37 ± 0.31
regcn,ft:1,n_layer:5,he:8,hd:64,lr:0.001,wd:0.0,dp:0.2,R:10.0,93.51 ± 0.34,93.48 ± 0.32
regcn,ft:1,n_layer:5,he:8,hd:64,lr:0.001,wd:0.0,dp:0.2,R:100.0,93.30 ± 0.32,93.27 ± 0.33
regcn,ft:1,n_layer:5,he:8,hd:64,lr:0.001,wd:0.0,dp:0.5,R:1.0,93.26 ± 0.48,93.25 ± 0.45
regcn,ft:1,n_layer:5,he:8,hd:64,lr:0.001,wd:0.0,dp:0.5,R:10.0,93.12 ± 0.35,93.10 ± 0.33
regcn,ft:1,n_layer:5,he:8,hd:64,lr:0.001,wd:0.0,dp:0.5,R:100.0,93.12 ± 0.39,93.12 ± 0.38
regcn,ft:1,n_layer:5,he:8,hd:64,lr:0.001,wd:0.0,dp:0.7,R:1.0,92.13 ± 1.11,92.26 ± 0.94
regcn,ft:1,n_layer:5,he:8,hd:64,lr:0.001,wd:0.0,dp:0.7,R:10.0,90.57 ± 0.34,90.71 ± 0.31
regcn,ft:1,n_layer:5,he:8,hd:64,lr:0.001,wd:0.0,dp:0.7,R:100.0,90.00 ± 0.72,90.16 ± 0.68
regcn,ft:1,n_layer:5,he:8,hd:64,lr:0.001,wd:0.0005,dp:0.2,R:1.0,93.43 ± 0.28,93.40 ± 0.29
regcn,ft:1,n_layer:5,he:8,hd:64,lr:0.001,wd:0.0005,dp:0.2,R:10.0,93.59 ± 0.35,93.55 ± 0.33
regcn,ft:1,n_layer:5,he:8,hd:64,lr:0.001,wd:0.0005,dp:0.2,R:100.0,93.42 ± 0.33,93.38 ± 0.34
regcn,ft:1,n_layer:5,he:8,hd:64,lr:0.001,wd:0.0005,dp:0.5,R:1.0,93.27 ± 0.46,93.26 ± 0.43
regcn,ft:1,n_layer:5,he:8,hd:64,lr:0.001,wd:0.0005,dp:0.5,R:10.0,93.11 ± 0.33,93.10 ± 0.31
regcn,ft:1,n_layer:5,he:8,hd:64,lr:0.001,wd:0.0005,dp:0.5,R:100.0,93.19 ± 0.29,93.19 ± 0.28
regcn,ft:1,n_layer:5,he:8,hd:64,lr:0.001,wd:0.0005,dp:0.7,R:1.0,92.18 ± 1.15,92.31 ± 0.97
regcn,ft:1,n_layer:5,he:8,hd:64,lr:0.001,wd:0.0005,dp:0.7,R:10.0,90.67 ± 0.34,90.80 ± 0.30
regcn,ft:1,n_layer:5,he:8,hd:64,lr:0.001,wd:0.0005,dp:0.7,R:100.0,89.91 ± 0.80,90.09 ± 0.77
regcn,ft:1,n_layer:5,he:8,hd:64,lr:0.001,wd:0.001,dp:0.2,R:1.0,93.39 ± 0.26,93.36 ± 0.25
regcn,ft:1,n_layer:5,he:8,hd:64,lr:0.001,wd:0.001,dp:0.2,R:10.0,93.54 ± 0.31,93.51 ± 0.28
regcn,ft:1,n_layer:5,he:8,hd:64,lr:0.001,wd:0.001,dp:0.2,R:100.0,93.39 ± 0.34,93.36 ± 0.35
regcn,ft:1,n_layer:5,he:8,hd:64,lr:0.001,wd:0.001,dp:0.5,R:1.0,93.26 ± 0.20,93.25 ± 0.19
regcn,ft:1,n_layer:5,he:8,hd:64,lr:0.001,wd:0.001,dp:0.5,R:10.0,93.12 ± 0.29,93.11 ± 0.27
regcn,ft:1,n_layer:5,he:8,hd:64,lr:0.001,wd:0.001,dp:0.5,R:100.0,93.22 ± 0.33,93.22 ± 0.31
regcn,ft:1,n_layer:5,he:8,hd:64,lr:0.001,wd:0.001,dp:0.7,R:1.0,92.18 ± 1.16,92.31 ± 0.99
regcn,ft:1,n_layer:5,he:8,hd:64,lr:0.001,wd:0.001,dp:0.7,R:10.0,90.63 ± 0.32,90.76 ± 0.29
regcn,ft:1,n_layer:5,he:8,hd:64,lr:0.001,wd:0.001,dp:0.7,R:100.0,89.82 ± 0.89,90.00 ± 0.84
regcn,ft:1,n_layer:5,he:8,hd:64,lr:0.001,wd:0.005,dp:0.2,R:1.0,93.42 ± 0.21,93.41 ± 0.20
regcn,ft:1,n_layer:5,he:8,hd:64,lr:0.001,wd:0.005,dp:0.2,R:10.0,93.75 ± 0.17,93.72 ± 0.16
regcn,ft:1,n_layer:5,he:8,hd:64,lr:0.001,wd:0.005,dp:0.2,R:100.0,93.41 ± 0.42,93.39 ± 0.41
regcn,ft:1,n_layer:5,he:8,hd:64,lr:0.001,wd:0.005,dp:0.5,R:1.0,93.34 ± 0.30,93.33 ± 0.28
regcn,ft:1,n_layer:5,he:8,hd:64,lr:0.001,wd:0.005,dp:0.5,R:10.0,93.48 ± 0.23,93.47 ± 0.22
regcn,ft:1,n_layer:5,he:8,hd:64,lr:0.001,wd:0.005,dp:0.5,R:100.0,93.40 ± 0.35,93.39 ± 0.33
regcn,ft:1,n_layer:5,he:8,hd:64,lr:0.001,wd:0.005,dp:0.7,R:1.0,92.13 ± 1.21,92.28 ± 1.03
regcn,ft:1,n_layer:5,he:8,hd:64,lr:0.001,wd:0.005,dp:0.7,R:10.0,91.19 ± 0.35,91.28 ± 0.32
regcn,ft:1,n_layer:5,he:8,hd:64,lr:0.001,wd:0.005,dp:0.7,R:100.0,89.48 ± 0.91,89.69 ± 0.85
regcn,ft:1,n_layer:5,he:8,hd:64,lr:0.005,wd:0.0,dp:0.2,R:1.0,93.09 ± 0.38,93.07 ± 0.35
regcn,ft:1,n_layer:5,he:8,hd:64,lr:0.005,wd:0.0,dp:0.2,R:10.0,93.30 ± 0.43,93.26 ± 0.41
regcn,ft:1,n_layer:5,he:8,hd:64,lr:0.005,wd:0.0,dp:0.2,R:100.0,92.85 ± 0.71,92.81 ± 0.67
regcn,ft:1,n_layer:5,he:8,hd:64,lr:0.005,wd:0.0,dp:0.5,R:1.0,93.43 ± 0.39,93.39 ± 0.36
regcn,ft:1,n_layer:5,he:8,hd:64,lr:0.005,wd:0.0,dp:0.5,R:10.0,92.72 ± 0.52,92.72 ± 0.51
regcn,ft:1,n_layer:5,he:8,hd:64,lr:0.005,wd:0.0,dp:0.5,R:100.0,92.63 ± 0.82,92.65 ± 0.80
regcn,ft:1,n_layer:5,he:8,hd:64,lr:0.005,wd:0.0,dp:0.7,R:1.0,92.97 ± 0.29,92.96 ± 0.26
regcn,ft:1,n_layer:5,he:8,hd:64,lr:0.005,wd:0.0,dp:0.7,R:10.0,92.54 ± 0.30,92.57 ± 0.28
regcn,ft:1,n_layer:5,he:8,hd:64,lr:0.005,wd:0.0,dp:0.7,R:100.0,90.54 ± 1.45,90.69 ± 1.34
regcn,ft:1,n_layer:5,he:8,hd:64,lr:0.005,wd:0.0005,dp:0.2,R:1.0,93.14 ± 0.44,93.12 ± 0.41
regcn,ft:1,n_layer:5,he:8,hd:64,lr:0.005,wd:0.0005,dp:0.2,R:10.0,93.31 ± 0.44,93.27 ± 0.42
regcn,ft:1,n_layer:5,he:8,hd:64,lr:0.005,wd:0.0005,dp:0.2,R:100.0,91.68 ± 3.13,91.74 ± 2.81
regcn,ft:1,n_layer:5,he:8,hd:64,lr:0.005,wd:0.0005,dp:0.5,R:1.0,93.44 ± 0.35,93.40 ± 0.32
regcn,ft:1,n_layer:5,he:8,hd:64,lr:0.005,wd:0.0005,dp:0.5,R:10.0,93.23 ± 0.34,93.20 ± 0.34
regcn,ft:1,n_layer:5,he:8,hd:64,lr:0.005,wd:0.0005,dp:0.5,R:100.0,93.14 ± 0.51,93.13 ± 0.49
regcn,ft:1,n_layer:5,he:8,hd:64,lr:0.005,wd:0.0005,dp:0.7,R:1.0,93.22 ± 0.27,93.20 ± 0.25
regcn,ft:1,n_layer:5,he:8,hd:64,lr:0.005,wd:0.0005,dp:0.7,R:10.0,92.34 ± 0.51,92.37 ± 0.49
regcn,ft:1,n_layer:5,he:8,hd:64,lr:0.005,wd:0.0005,dp:0.7,R:100.0,90.47 ± 1.59,90.62 ± 1.48
regcn,ft:1,n_layer:5,he:8,hd:64,lr:0.005,wd:0.001,dp:0.2,R:1.0,93.16 ± 0.43,93.13 ± 0.40
regcn,ft:1,n_layer:5,he:8,hd:64,lr:0.005,wd:0.001,dp:0.2,R:10.0,93.47 ± 0.43,93.43 ± 0.40
regcn,ft:1,n_layer:5,he:8,hd:64,lr:0.005,wd:0.001,dp:0.2,R:100.0,92.47 ± 0.90,92.49 ± 0.81
regcn,ft:1,n_layer:5,he:8,hd:64,lr:0.005,wd:0.001,dp:0.5,R:1.0,93.46 ± 0.34,93.42 ± 0.31
regcn,ft:1,n_layer:5,he:8,hd:64,lr:0.005,wd:0.001,dp:0.5,R:10.0,93.14 ± 0.26,93.13 ± 0.27
regcn,ft:1,n_layer:5,he:8,hd:64,lr:0.005,wd:0.001,dp:0.5,R:100.0,92.68 ± 0.68,92.71 ± 0.66
regcn,ft:1,n_layer:5,he:8,hd:64,lr:0.005,wd:0.001,dp:0.7,R:1.0,93.12 ± 0.23,93.11 ± 0.22
regcn,ft:1,n_layer:5,he:8,hd:64,lr:0.005,wd:0.001,dp:0.7,R:10.0,92.57 ± 0.56,92.60 ± 0.54
regcn,ft:1,n_layer:5,he:8,hd:64,lr:0.005,wd:0.001,dp:0.7,R:100.0,90.50 ± 1.15,90.64 ± 1.08
regcn,ft:1,n_layer:5,he:8,hd:64,lr:0.005,wd:0.005,dp:0.2,R:1.0,93.38 ± 0.46,93.34 ± 0.44
regcn,ft:1,n_layer:5,he:8,hd:64,lr:0.005,wd:0.005,dp:0.2,R:10.0,93.48 ± 0.60,93.46 ± 0.59
regcn,ft:1,n_layer:5,he:8,hd:64,lr:0.005,wd:0.005,dp:0.2,R:100.0,92.93 ± 0.45,92.91 ± 0.47
regcn,ft:1,n_layer:5,he:8,hd:64,lr:0.005,wd:0.005,dp:0.5,R:1.0,93.10 ± 0.45,93.10 ± 0.43
regcn,ft:1,n_layer:5,he:8,hd:64,lr:0.005,wd:0.005,dp:0.5,R:10.0,93.44 ± 0.54,93.43 ± 0.52
regcn,ft:1,n_layer:5,he:8,hd:64,lr:0.005,wd:0.005,dp:0.5,R:100.0,93.47 ± 0.34,93.44 ± 0.31
regcn,ft:1,n_layer:5,he:8,hd:64,lr:0.005,wd:0.005,dp:0.7,R:1.0,93.26 ± 0.24,93.22 ± 0.23
regcn,ft:1,n_layer:5,he:8,hd:64,lr:0.005,wd:0.005,dp:0.7,R:10.0,93.25 ± 0.21,93.24 ± 0.19
regcn,ft:1,n_layer:5,he:8,hd:64,lr:0.005,wd:0.005,dp:0.7,R:100.0,90.91 ± 1.73,91.01 ± 1.63
regcn,ft:2,n_layer:3,he:8,hd:64,lr:0.001,wd:0.0,dp:0.2,R:1.0,93.50 ± 0.21,93.47 ± 0.20
regcn,ft:2,n_layer:3,he:8,hd:64,lr:0.001,wd:0.0,dp:0.2,R:10.0,93.70 ± 0.21,93.67 ± 0.20
regcn,ft:2,n_layer:3,he:8,hd:64,lr:0.001,wd:0.0,dp:0.2,R:100.0,93.58 ± 0.25,93.55 ± 0.25
regcn,ft:2,n_layer:3,he:8,hd:64,lr:0.001,wd:0.0,dp:0.5,R:1.0,93.56 ± 0.21,93.56 ± 0.19
regcn,ft:2,n_layer:3,he:8,hd:64,lr:0.001,wd:0.0,dp:0.5,R:10.0,93.52 ± 0.27,93.51 ± 0.26
regcn,ft:2,n_layer:3,he:8,hd:64,lr:0.001,wd:0.0,dp:0.5,R:100.0,93.73 ± 0.19,93.71 ± 0.18
regcn,ft:2,n_layer:3,he:8,hd:64,lr:0.001,wd:0.0,dp:0.7,R:1.0,93.53 ± 0.32,93.50 ± 0.30
regcn,ft:2,n_layer:3,he:8,hd:64,lr:0.001,wd:0.0,dp:0.7,R:10.0,92.44 ± 0.20,92.46 ± 0.19
regcn,ft:2,n_layer:3,he:8,hd:64,lr:0.001,wd:0.0,dp:0.7,R:100.0,92.70 ± 0.34,92.72 ± 0.33
regcn,ft:2,n_layer:3,he:8,hd:64,lr:0.001,wd:0.0005,dp:0.2,R:1.0,93.60 ± 0.24,93.58 ± 0.20
regcn,ft:2,n_layer:3,he:8,hd:64,lr:0.001,wd:0.0005,dp:0.2,R:10.0,93.64 ± 0.21,93.62 ± 0.19
regcn,ft:2,n_layer:3,he:8,hd:64,lr:0.001,wd:0.0005,dp:0.2,R:100.0,93.58 ± 0.16,93.56 ± 0.16
regcn,ft:2,n_layer:3,he:8,hd:64,lr:0.001,wd:0.0005,dp:0.5,R:1.0,93.67 ± 0.21,93.66 ± 0.19
regcn,ft:2,n_layer:3,he:8,hd:64,lr:0.001,wd:0.0005,dp:0.5,R:10.0,93.58 ± 0.21,93.58 ± 0.21
regcn,ft:2,n_layer:3,he:8,hd:64,lr:0.001,wd:0.0005,dp:0.5,R:100.0,93.76 ± 0.20,93.75 ± 0.20
regcn,ft:2,n_layer:3,he:8,hd:64,lr:0.001,wd:0.0005,dp:0.7,R:1.0,93.55 ± 0.30,93.52 ± 0.28
regcn,ft:2,n_layer:3,he:8,hd:64,lr:0.001,wd:0.0005,dp:0.7,R:10.0,92.58 ± 0.26,92.59 ± 0.24
regcn,ft:2,n_layer:3,he:8,hd:64,lr:0.001,wd:0.0005,dp:0.7,R:100.0,92.81 ± 0.30,92.82 ± 0.29
regcn,ft:2,n_layer:3,he:8,hd:64,lr:0.001,wd:0.001,dp:0.2,R:1.0,93.62 ± 0.16,93.61 ± 0.14
regcn,ft:2,n_layer:3,he:8,hd:64,lr:0.001,wd:0.001,dp:0.2,R:10.0,93.78 ± 0.26,93.76 ± 0.23
regcn,ft:2,n_layer:3,he:8,hd:64,lr:0.001,wd:0.001,dp:0.2,R:100.0,93.60 ± 0.16,93.58 ± 0.16
regcn,ft:2,n_layer:3,he:8,hd:64,lr:0.001,wd:0.001,dp:0.5,R:1.0,93.63 ± 0.29,93.63 ± 0.27
regcn,ft:2,n_layer:3,he:8,hd:64,lr:0.001,wd:0.001,dp:0.5,R:10.0,93.62 ± 0.22,93.61 ± 0.21
regcn,ft:2,n_layer:3,he:8,hd:64,lr:0.001,wd:0.001,dp:0.5,R:100.0,93.85 ± 0.17,93.84 ± 0.16
regcn,ft:2,n_layer:3,he:8,hd:64,lr:0.001,wd:0.001,dp:0.7,R:1.0,93.57 ± 0.28,93.54 ± 0.26
regcn,ft:2,n_layer:3,he:8,hd:64,lr:0.001,wd:0.001,dp:0.7,R:10.0,92.84 ± 0.25,92.85 ± 0.24
regcn,ft:2,n_layer:3,he:8,hd:64,lr:0.001,wd:0.001,dp:0.7,R:100.0,92.96 ± 0.14,92.96 ± 0.13
regcn,ft:2,n_layer:3,he:8,hd:64,lr:0.001,wd:0.005,dp:0.2,R:1.0,93.60 ± 0.15,93.60 ± 0.14
regcn,ft:2,n_layer:3,he:8,hd:64,lr:0.001,wd:0.005,dp:0.2,R:10.0,93.75 ± 0.25,93.75 ± 0.23
regcn,ft:2,n_layer:3,he:8,hd:64,lr:0.001,wd:0.005,dp:0.2,R:100.0,93.50 ± 0.27,93.50 ± 0.25
regcn,ft:2,n_layer:3,he:8,hd:64,lr:0.001,wd:0.005,dp:0.5,R:1.0,93.75 ± 0.16,93.74 ± 0.15
regcn,ft:2,n_layer:3,he:8,hd:64,lr:0.001,wd:0.005,dp:0.5,R:10.0,93.72 ± 0.20,93.71 ± 0.19
regcn,ft:2,n_layer:3,he:8,hd:64,lr:0.001,wd:0.005,dp:0.5,R:100.0,93.80 ± 0.24,93.81 ± 0.22
regcn,ft:2,n_layer:3,he:8,hd:64,lr:0.001,wd:0.005,dp:0.7,R:1.0,93.63 ± 0.19,93.60 ± 0.18
regcn,ft:2,n_layer:3,he:8,hd:64,lr:0.001,wd:0.005,dp:0.7,R:10.0,92.99 ± 0.21,92.99 ± 0.20
regcn,ft:2,n_layer:3,he:8,hd:64,lr:0.001,wd:0.005,dp:0.7,R:100.0,93.06 ± 0.25,93.07 ± 0.25
regcn,ft:2,n_layer:3,he:8,hd:64,lr:0.005,wd:0.0,dp:0.2,R:1.0,93.14 ± 0.60,93.09 ± 0.55
regcn,ft:2,n_layer:3,he:8,hd:64,lr:0.005,wd:0.0,dp:0.2,R:10.0,93.34 ± 0.53,93.28 ± 0.48
regcn,ft:2,n_layer:3,he:8,hd:64,lr:0.005,wd:0.0,dp:0.2,R:100.0,93.18 ± 0.55,93.12 ± 0.51
regcn,ft:2,n_layer:3,he:8,hd:64,lr:0.005,wd:0.0,dp:0.5,R:1.0,93.28 ± 0.59,93.24 ± 0.57
regcn,ft:2,n_layer:3,he:8,hd:64,lr:0.005,wd:0.0,dp:0.5,R:10.0,92.86 ± 0.79,92.85 ± 0.72
regcn,ft:2,n_layer:3,he:8,hd:64,lr:0.005,wd:0.0,dp:0.5,R:100.0,93.06 ± 0.78,93.05 ± 0.71
regcn,ft:2,n_layer:3,he:8,hd:64,lr:0.005,wd:0.0,dp:0.7,R:1.0,93.33 ± 0.37,93.31 ± 0.34
regcn,ft:2,n_layer:3,he:8,hd:64,lr:0.005,wd:0.0,dp:0.7,R:10.0,93.07 ± 0.41,93.05 ± 0.39
regcn,ft:2,n_layer:3,he:8,hd:64,lr:0.005,wd:0.0,dp:0.7,R:100.0,92.76 ± 0.58,92.78 ± 0.54
regcn,ft:2,n_layer:3,he:8,hd:64,lr:0.005,wd:0.0005,dp:0.2,R:1.0,93.10 ± 0.66,93.05 ± 0.61
regcn,ft:2,n_layer:3,he:8,hd:64,lr:0.005,wd:0.0005,dp:0.2,R:10.0,93.43 ± 0.57,93.37 ± 0.53
regcn,ft:2,n_layer:3,he:8,hd:64,lr:0.005,wd:0.0005,dp:0.2,R:100.0,93.07 ± 0.64,93.01 ± 0.62
regcn,ft:2,n_layer:3,he:8,hd:64,lr:0.005,wd:0.0005,dp:0.5,R:1.0,93.04 ± 0.52,93.04 ± 0.48
regcn,ft:2,n_layer:3,he:8,hd:64,lr:0.005,wd:0.0005,dp:0.5,R:10.0,92.93 ± 0.54,92.91 ± 0.50
regcn,ft:2,n_layer:3,he:8,hd:64,lr:0.005,wd:0.0005,dp:0.5,R:100.0,92.95 ± 0.69,92.97 ± 0.63
regcn,ft:2,n_layer:3,he:8,hd:64,lr:0.005,wd:0.0005,dp:0.7,R:1.0,93.36 ± 0.34,93.34 ± 0.30
regcn,ft:2,n_layer:3,he:8,hd:64,lr:0.005,wd:0.0005,dp:0.7,R:10.0,92.92 ± 0.40,92.93 ± 0.37
regcn,ft:2,n_layer:3,he:8,hd:64,lr:0.005,wd:0.0005,dp:0.7,R:100.0,92.42 ± 0.46,92.44 ± 0.44
regcn,ft:2,n_layer:3,he:8,hd:64,lr:0.005,wd:0.001,dp:0.2,R:1.0,93.33 ± 0.46,93.27 ± 0.44
regcn,ft:2,n_layer:3,he:8,hd:64,lr:0.005,wd:0.001,dp:0.2,R:10.0,93.41 ± 0.65,93.36 ± 0.60
regcn,ft:2,n_layer:3,he:8,hd:64,lr:0.005,wd:0.001,dp:0.2,R:100.0,93.44 ± 0.63,93.38 ± 0.65
regcn,ft:2,n_layer:3,he:8,hd:64,lr:0.005,wd:0.001,dp:0.5,R:1.0,93.04 ± 0.52,93.04 ± 0.49
regcn,ft:2,n_layer:3,he:8,hd:64,lr:0.005,wd:0.001,dp:0.5,R:10.0,92.93 ± 0.52,92.93 ± 0.48
regcn,ft:2,n_layer:3,he:8,hd:64,lr:0.005,wd:0.001,dp:0.5,R:100.0,92.80 ± 0.51,92.80 ± 0.49
regcn,ft:2,n_layer:3,he:8,hd:64,lr:0.005,wd:0.001,dp:0.7,R:1.0,93.32 ± 0.31,93.31 ± 0.27
regcn,ft:2,n_layer:3,he:8,hd:64,lr:0.005,wd:0.001,dp:0.7,R:10.0,92.87 ± 0.36,92.88 ± 0.33
regcn,ft:2,n_layer:3,he:8,hd:64,lr:0.005,wd:0.001,dp:0.7,R:100.0,92.55 ± 0.63,92.56 ± 0.60
regcn,ft:2,n_layer:3,he:8,hd:64,lr:0.005,wd:0.005,dp:0.2,R:1.0,93.27 ± 0.45,93.24 ± 0.39
regcn,ft:2,n_layer:3,he:8,hd:64,lr:0.005,wd:0.005,dp:0.2,R:10.0,93.47 ± 0.55,93.42 ± 0.53
regcn,ft:2,n_layer:3,he:8,hd:64,lr:0.005,wd:0.005,dp:0.2,R:100.0,93.18 ± 0.52,93.13 ± 0.49
regcn,ft:2,n_layer:3,he:8,hd:64,lr:0.005,wd:0.005,dp:0.5,R:1.0,93.26 ± 0.58,93.26 ± 0.53
regcn,ft:2,n_layer:3,he:8,hd:64,lr:0.005,wd:0.005,dp:0.5,R:10.0,93.17 ± 0.42,93.17 ± 0.38
regcn,ft:2,n_layer:3,he:8,hd:64,lr:0.005,wd:0.005,dp:0.5,R:100.0,93.20 ± 0.65,93.21 ± 0.59
regcn,ft:2,n_layer:3,he:8,hd:64,lr:0.005,wd:0.005,dp:0.7,R:1.0,93.33 ± 0.31,93.32 ± 0.28
regcn,ft:2,n_layer:3,he:8,hd:64,lr:0.005,wd:0.005,dp:0.7,R:10.0,93.10 ± 0.32,93.11 ± 0.30
regcn,ft:2,n_layer:3,he:8,hd:64,lr:0.005,wd:0.005,dp:0.7,R:100.0,93.19 ± 0.23,93.20 ± 0.22
regcn,ft:2,n_layer:4,he:8,hd:64,lr:0.001,wd:0.0,dp:0.2,R:1.0,93.32 ± 0.28,93.31 ± 0.25
regcn,ft:2,n_layer:4,he:8,hd:64,lr:0.001,wd:0.0,dp:0.2,R:10.0,93.50 ± 0.36,93.48 ± 0.33
regcn,ft:2,n_layer:4,he:8,hd:64,lr:0.001,wd:0.0,dp:0.2,R:100.0,93.59 ± 0.25,93.57 ± 0.24
regcn,ft:2,n_layer:4,he:8,hd:64,lr:0.001,wd:0.0,dp:0.5,R:1.0,93.62 ± 0.26,93.61 ± 0.24
regcn,ft:2,n_layer:4,he:8,hd:64,lr:0.001,wd:0.0,dp:0.5,R:10.0,93.43 ± 0.20,93.42 ± 0.17
regcn,ft:2,n_layer:4,he:8,hd:64,lr:0.001,wd:0.0,dp:0.5,R:100.0,93.57 ± 0.22,93.56 ± 0.21
regcn,ft:2,n_layer:4,he:8,hd:64,lr:0.001,wd:0.0,dp:0.7,R:1.0,93.43 ± 0.36,93.42 ± 0.33
regcn,ft:2,n_layer:4,he:8,hd:64,lr:0.001,wd:0.0,dp:0.7,R:10.0,92.09 ± 0.24,92.13 ± 0.23
regcn,ft:2,n_layer:4,he:8,hd:64,lr:0.001,wd:0.0,dp:0.7,R:100.0,91.90 ± 0.47,91.96 ± 0.45
regcn,ft:2,n_layer:4,he:8,hd:64,lr:0.001,wd:0.0005,dp:0.2,R:1.0,93.37 ± 0.21,93.36 ± 0.19
regcn,ft:2,n_layer:4,he:8,hd:64,lr:0.001,wd:0.0005,dp:0.2,R:10.0,93.66 ± 0.28,93.64 ± 0.26
regcn,ft:2,n_layer:4,he:8,hd:64,lr:0.001,wd:0.0005,dp:0.2,R:100.0,93.56 ± 0.18,93.54 ± 0.18
regcn,ft:2,n_layer:4,he:8,hd:64,lr:0.001,wd:0.0005,dp:0.5,R:1.0,93.46 ± 0.31,93.45 ± 0.30
regcn,ft:2,n_layer:4,he:8,hd:64,lr:0.001,wd:0.0005,dp:0.5,R:10.0,93.35 ± 0.21,93.35 ± 0.19
regcn,ft:2,n_layer:4,he:8,hd:64,lr:0.001,wd:0.0005,dp:0.5,R:100.0,93.59 ± 0.22,93.58 ± 0.21
regcn,ft:2,n_layer:4,he:8,hd:64,lr:0.001,wd:0.0005,dp:0.7,R:1.0,93.45 ± 0.35,93.44 ± 0.33
regcn,ft:2,n_layer:4,he:8,hd:64,lr:0.001,wd:0.0005,dp:0.7,R:10.0,92.14 ± 0.29,92.18 ± 0.27
regcn,ft:2,n_layer:4,he:8,hd:64,lr:0.001,wd:0.0005,dp:0.7,R:100.0,92.23 ± 0.60,92.29 ± 0.57
regcn,ft:2,n_layer:4,he:8,hd:64,lr:0.001,wd:0.001,dp:0.2,R:1.0,93.50 ± 0.26,93.49 ± 0.26
regcn,ft:2,n_layer:4,he:8,hd:64,lr:0.001,wd:0.001,dp:0.2,R:10.0,93.54 ± 0.24,93.53 ± 0.22
regcn,ft:2,n_layer:4,he:8,hd:64,lr:0.001,wd:0.001,dp:0.2,R:100.0,93.58 ± 0.15,93.57 ± 0.14
regcn,ft:2,n_layer:4,he:8,hd:64,lr:0.001,wd:0.001,dp:0.5,R:1.0,93.46 ± 0.30,93.45 ± 0.29
regcn,ft:2,n_layer:4,he:8,hd:64,lr:0.001,wd:0.001,dp:0.5,R:10.0,93.47 ± 0.32,93.46 ± 0.31
regcn,ft:2,n_layer:4,he:8,hd:64,lr:0.001,wd:0.001,dp:0.5,R:100.0,93.63 ± 0.22,93.62 ± 0.21
regcn,ft:2,n_layer:4,he:8,hd:64,lr:0.001,wd:0.001,dp:0.7,R:1.0,93.50 ± 0.27,93.49 ± 0.26
regcn,ft:2,n_layer:4,he:8,hd:64,lr:0.001,wd:0.001,dp:0.7,R:10.0,92.25 ± 0.30,92.28 ± 0.27
regcn,ft:2,n_layer:4,he:8,hd:64,lr:0.001,wd:0.001,dp:0.7,R:100.0,92.27 ± 0.58,92.33 ± 0.54
regcn,ft:2,n_layer:4,he:8,hd:64,lr:0.001,wd:0.005,dp:0.2,R:1.0,93.54 ± 0.18,93.53 ± 0.17
regcn,ft:2,n_layer:4,he:8,hd:64,lr:0.001,wd:0.005,dp:0.2,R:10.0,93.77 ± 0.22,93.76 ± 0.21
regcn,ft:2,n_layer:4,he:8,hd:64,lr:0.001,wd:0.005,dp:0.2,R:100.0,93.48 ± 0.19,93.48 ± 0.19
regcn,ft:2,n_layer:4,he:8,hd:64,lr:0.001,wd:0.005,dp:0.5,R:1.0,93.57 ± 0.11,93.57 ± 0.10
regcn,ft:2,n_layer:4,he:8,hd:64,lr:0.001,wd:0.005,dp:0.5,R:10.0,93.62 ± 0.09,93.61 ± 0.09
regcn,ft:2,n_layer:4,he:8,hd:64,lr:0.001,wd:0.005,dp:0.5,R:100.0,93.69 ± 0.14,93.68 ± 0.14
regcn,ft:2,n_layer:4,he:8,hd:64,lr:0.001,wd:0.005,dp:0.7,R:1.0,93.49 ± 0.24,93.48 ± 0.23
regcn,ft:2,n_layer:4,he:8,hd:64,lr:0.001,wd:0.005,dp:0.7,R:10.0,92.66 ± 0.34,92.67 ± 0.31
regcn,ft:2,n_layer:4,he:8,hd:64,lr:0.001,wd:0.005,dp:0.7,R:100.0,92.58 ± 0.30,92.62 ± 0.29
regcn,ft:2,n_layer:4,he:8,hd:64,lr:0.005,wd:0.0,dp:0.2,R:1.0,93.16 ± 0.60,93.11 ± 0.54
regcn,ft:2,n_layer:4,he:8,hd:64,lr:0.005,wd:0.0,dp:0.2,R:10.0,93.24 ± 0.53,93.19 ± 0.48
regcn,ft:2,n_layer:4,he:8,hd:64,lr:0.005,wd:0.0,dp:0.2,R:100.0,93.32 ± 0.51,93.24 ± 0.49
regcn,ft:2,n_layer:4,he:8,hd:64,lr:0.005,wd:0.0,dp:0.5,R:1.0,93.05 ± 0.68,93.04 ± 0.59
regcn,ft:2,n_layer:4,he:8,hd:64,lr:0.005,wd:0.0,dp:0.5,R:10.0,92.64 ± 0.73,92.66 ± 0.66
regcn,ft:2,n_layer:4,he:8,hd:64,lr:0.005,wd:0.0,dp:0.5,R:100.0,93.02 ± 0.54,93.02 ± 0.52
regcn,ft:2,n_layer:4,he:8,hd:64,lr:0.005,wd:0.0,dp:0.7,R:1.0,93.32 ± 0.32,93.30 ± 0.30
regcn,ft:2,n_layer:4,he:8,hd:64,lr:0.005,wd:0.0,dp:0.7,R:10.0,92.66 ± 0.28,92.68 ± 0.26
regcn,ft:2,n_layer:4,he:8,hd:64,lr:0.005,wd:0.0,dp:0.7,R:100.0,90.98 ± 1.08,91.10 ± 1.02
regcn,ft:2,n_layer:4,he:8,hd:64,lr:0.005,wd:0.0005,dp:0.2,R:1.0,93.43 ± 0.45,93.36 ± 0.44
regcn,ft:2,n_layer:4,he:8,hd:64,lr:0.005,wd:0.0005,dp:0.2,R:10.0,93.21 ± 0.53,93.16 ± 0.48
regcn,ft:2,n_layer:4,he:8,hd:64,lr:0.005,wd:0.0005,dp:0.2,R:100.0,93.12 ± 1.06,93.08 ± 0.97
regcn,ft:2,n_layer:4,he:8,hd:64,lr:0.005,wd:0.0005,dp:0.5,R:1.0,93.03 ± 0.68,93.02 ± 0.60
regcn,ft:2,n_layer:4,he:8,hd:64,lr:0.005,wd:0.0005,dp:0.5,R:10.0,93.22 ± 0.66,93.21 ± 0.60
regcn,ft:2,n_layer:4,he:8,hd:64,lr:0.005,wd:0.0005,dp:0.5,R:100.0,92.67 ± 0.55,92.69 ± 0.50
regcn,ft:2,n_layer:4,he:8,hd:64,lr:0.005,wd:0.0005,dp:0.7,R:1.0,93.41 ± 0.23,93.38 ± 0.22
regcn,ft:2,n_layer:4,he:8,hd:64,lr:0.005,wd:0.0005,dp:0.7,R:10.0,92.74 ± 0.39,92.75 ± 0.38
regcn,ft:2,n_layer:4,he:8,hd:64,lr:0.005,wd:0.0005,dp:0.7,R:100.0,91.92 ± 0.70,91.97 ± 0.67
regcn,ft:2,n_layer:4,he:8,hd:64,lr:0.005,wd:0.001,dp:0.2,R:1.0,93.18 ± 0.36,93.15 ± 0.34
regcn,ft:2,n_layer:4,he:8,hd:64,lr:0.005,wd:0.001,dp:0.2,R:10.0,93.27 ± 0.54,93.22 ± 0.48
regcn,ft:2,n_layer:4,he:8,hd:64,lr:0.005,wd:0.001,dp:0.2,R:100.0,93.16 ± 0.84,93.12 ± 0.77
regcn,ft:2,n_layer:4,he:8,hd:64,lr:0.005,wd:0.001,dp:0.5,R:1.0,93.22 ± 0.61,93.21 ± 0.55
regcn,ft:2,n_layer:4,he:8,hd:64,lr:0.005,wd:0.001,dp:0.5,R:10.0,92.89 ± 0.52,92.90 ± 0.46
regcn,ft:2,n_layer:4,he:8,hd:64,lr:0.005,wd:0.001,dp:0.5,R:100.0,92.68 ± 0.64,92.72 ± 0.63
regcn,ft:2,n_layer:4,he:8,hd:64,lr:0.005,wd:0.001,dp:0.7,R:1.0,93.36 ± 0.31,93.34 ± 0.29
regcn,ft:2,n_layer:4,he:8,hd:64,lr:0.005,wd:0.001,dp:0.7,R:10.0,92.81 ± 0.43,92.82 ± 0.40
regcn,ft:2,n_layer:4,he:8,hd:64,lr:0.005,wd:0.001,dp:0.7,R:100.0,91.83 ± 0.84,91.89 ± 0.81
regcn,ft:2,n_layer:4,he:8,hd:64,lr:0.005,wd:0.005,dp:0.2,R:1.0,93.35 ± 0.38,93.29 ± 0.35
regcn,ft:2,n_layer:4,he:8,hd:64,lr:0.005,wd:0.005,dp:0.2,R:10.0,93.48 ± 0.55,93.46 ± 0.48
regcn,ft:2,n_layer:4,he:8,hd:64,lr:0.005,wd:0.005,dp:0.2,R:100.0,93.32 ± 0.67,93.28 ± 0.63
regcn,ft:2,n_layer:4,he:8,hd:64,lr:0.005,wd:0.005,dp:0.5,R:1.0,93.38 ± 0.48,93.37 ± 0.42
regcn,ft:2,n_layer:4,he:8,hd:64,lr:0.005,wd:0.005,dp:0.5,R:10.0,93.13 ± 0.27,93.13 ± 0.24
regcn,ft:2,n_layer:4,he:8,hd:64,lr:0.005,wd:0.005,dp:0.5,R:100.0,93.47 ± 0.35,93.44 ± 0.33
regcn,ft:2,n_layer:4,he:8,hd:64,lr:0.005,wd:0.005,dp:0.7,R:1.0,93.35 ± 0.36,93.33 ± 0.34
regcn,ft:2,n_layer:4,he:8,hd:64,lr:0.005,wd:0.005,dp:0.7,R:10.0,93.36 ± 0.23,93.33 ± 0.22
regcn,ft:2,n_layer:4,he:8,hd:64,lr:0.005,wd:0.005,dp:0.7,R:100.0,92.83 ± 0.40,92.82 ± 0.36
regcn,ft:2,n_layer:5,he:8,hd:64,lr:0.001,wd:0.0,dp:0.2,R:1.0,93.39 ± 0.33,93.36 ± 0.33
regcn,ft:2,n_layer:5,he:8,hd:64,lr:0.001,wd:0.0,dp:0.2,R:10.0,93.61 ± 0.24,93.58 ± 0.21
regcn,ft:2,n_layer:5,he:8,hd:64,lr:0.001,wd:0.0,dp:0.2,R:100.0,93.49 ± 0.33,93.47 ± 0.30
regcn,ft:2,n_layer:5,he:8,hd:64,lr:0.001,wd:0.0,dp:0.5,R:1.0,93.70 ± 0.24,93.67 ± 0.23
regcn,ft:2,n_layer:5,he:8,hd:64,lr:0.001,wd:0.0,dp:0.5,R:10.0,93.34 ± 0.25,93.33 ± 0.24
regcn,ft:2,n_layer:5,he:8,hd:64,lr:0.001,wd:0.0,dp:0.5,R:100.0,93.34 ± 0.27,93.32 ± 0.25
regcn,ft:2,n_layer:5,he:8,hd:64,lr:0.001,wd:0.0,dp:0.7,R:1.0,92.62 ± 1.02,92.72 ± 0.87
regcn,ft:2,n_layer:5,he:8,hd:64,lr:0.001,wd:0.0,dp:0.7,R:10.0,90.92 ± 0.48,91.04 ± 0.43
regcn,ft:2,n_layer:5,he:8,hd:64,lr:0.001,wd:0.0,dp:0.7,R:100.0,90.48 ± 0.91,90.62 ± 0.88
regcn,ft:2,n_layer:5,he:8,hd:64,lr:0.001,wd:0.0005,dp:0.2,R:1.0,93.51 ± 0.19,93.48 ± 0.20
regcn,ft:2,n_layer:5,he:8,hd:64,lr:0.001,wd:0.0005,dp:0.2,R:10.0,93.68 ± 0.17,93.65 ± 0.18
regcn,ft:2,n_layer:5,he:8,hd:64,lr:0.001,wd:0.0005,dp:0.2,R:100.0,93.44 ± 0.23,93.43 ± 0.21
regcn,ft:2,n_layer:5,he:8,hd:64,lr:0.001,wd:0.0005,dp:0.5,R:1.0,93.70 ± 0.22,93.67 ± 0.21
regcn,ft:2,n_layer:5,he:8,hd:64,lr:0.001,wd:0.0005,dp:0.5,R:10.0,93.41 ± 0.30,93.40 ± 0.29
regcn,ft:2,n_layer:5,he:8,hd:64,lr:0.001,wd:0.0005,dp:0.5,R:100.0,93.35 ± 0.26,93.34 ± 0.25
regcn,ft:2,n_layer:5,he:8,hd:64,lr:0.001,wd:0.0005,dp:0.7,R:1.0,92.68 ± 1.03,92.78 ± 0.87
regcn,ft:2,n_layer:5,he:8,hd:64,lr:0.001,wd:0.0005,dp:0.7,R:10.0,90.92 ± 0.63,91.05 ± 0.56
regcn,ft:2,n_layer:5,he:8,hd:64,lr:0.001,wd:0.0005,dp:0.7,R:100.0,90.60 ± 0.89,90.74 ± 0.86
regcn,ft:2,n_layer:5,he:8,hd:64,lr:0.001,wd:0.001,dp:0.2,R:1.0,93.45 ± 0.34,93.43 ± 0.33
regcn,ft:2,n_layer:5,he:8,hd:64,lr:0.001,wd:0.001,dp:0.2,R:10.0,93.70 ± 0.16,93.68 ± 0.16
regcn,ft:2,n_layer:5,he:8,hd:64,lr:0.001,wd:0.001,dp:0.2,R:100.0,93.32 ± 0.30,93.31 ± 0.27
regcn,ft:2,n_layer:5,he:8,hd:64,lr:0.001,wd:0.001,dp:0.5,R:1.0,93.66 ± 0.22,93.63 ± 0.21
regcn,ft:2,n_layer:5,he:8,hd:64,lr:0.001,wd:0.001,dp:0.5,R:10.0,93.44 ± 0.27,93.42 ± 0.26
regcn,ft:2,n_layer:5,he:8,hd:64,lr:0.001,wd:0.001,dp:0.5,R:100.0,93.39 ± 0.25,93.38 ± 0.23
regcn,ft:2,n_layer:5,he:8,hd:64,lr:0.001,wd:0.001,dp:0.7,R:1.0,92.64 ± 0.93,92.74 ± 0.78
regcn,ft:2,n_layer:5,he:8,hd:64,lr:0.001,wd:0.001,dp:0.7,R:10.0,90.96 ± 0.54,91.08 ± 0.48
regcn,ft:2,n_layer:5,he:8,hd:64,lr:0.001,wd:0.001,dp:0.7,R:100.0,90.72 ± 0.94,90.85 ± 0.91
regcn,ft:2,n_layer:5,he:8,hd:64,lr:0.001,wd:0.005,dp:0.2,R:1.0,93.39 ± 0.23,93.37 ± 0.24
regcn,ft:2,n_layer:5,he:8,hd:64,lr:0.001,wd:0.005,dp:0.2,R:10.0,93.73 ± 0.26,93.71 ± 0.25
regcn,ft:2,n_layer:5,he:8,hd:64,lr:0.001,wd:0.005,dp:0.2,R:100.0,93.36 ± 0.24,93.36 ± 0.22
regcn,ft:2,n_layer:5,he:8,hd:64,lr:0.001,wd:0.005,dp:0.5,R:1.0,93.52 ± 0.31,93.50 ± 0.31
regcn,ft:2,n_layer:5,he:8,hd:64,lr:0.001,wd:0.005,dp:0.5,R:10.0,93.32 ± 0.29,93.31 ± 0.28
regcn,ft:2,n_layer:5,he:8,hd:64,lr:0.001,wd:0.005,dp:0.5,R:100.0,93.61 ± 0.20,93.59 ± 0.18
regcn,ft:2,n_layer:5,he:8,hd:64,lr:0.001,wd:0.005,dp:0.7,R:1.0,92.55 ± 1.13,92.65 ± 0.98
regcn,ft:2,n_layer:5,he:8,hd:64,lr:0.001,wd:0.005,dp:0.7,R:10.0,91.25 ± 0.60,91.35 ± 0.54
regcn,ft:2,n_layer:5,he:8,hd:64,lr:0.001,wd:0.005,dp:0.7,R:100.0,90.94 ± 1.11,91.05 ± 1.04
regcn,ft:2,n_layer:5,he:8,hd:64,lr:0.005,wd:0.0,dp:0.2,R:1.0,92.77 ± 0.71,92.75 ± 0.64
regcn,ft:2,n_layer:5,he:8,hd:64,lr:0.005,wd:0.0,dp:0.2,R:10.0,93.34 ± 0.52,93.29 ± 0.49
regcn,ft:2,n_layer:5,he:8,hd:64,lr:0.005,wd:0.0,dp:0.2,R:100.0,92.59 ± 1.52,92.52 ± 1.44
regcn,ft:2,n_layer:5,he:8,hd:64,lr:0.005,wd:0.0,dp:0.5,R:1.0,93.28 ± 0.82,93.27 ± 0.76
regcn,ft:2,n_layer:5,he:8,hd:64,lr:0.005,wd:0.0,dp:0.5,R:10.0,93.20 ± 0.40,93.20 ± 0.34
regcn,ft:2,n_layer:5,he:8,hd:64,lr:0.005,wd:0.0,dp:0.5,R:100.0,92.77 ± 0.65,92.80 ± 0.58
regcn,ft:2,n_layer:5,he:8,hd:64,lr:0.005,wd:0.0,dp:0.7,R:1.0,93.07 ± 0.43,93.06 ± 0.39
regcn,ft:2,n_layer:5,he:8,hd:64,lr:0.005,wd:0.0,dp:0.7,R:10.0,92.37 ± 0.33,92.41 ± 0.31
regcn,ft:2,n_layer:5,he:8,hd:64,lr:0.005,wd:0.0,dp:0.7,R:100.0,91.14 ± 0.73,91.24 ± 0.68
regcn,ft:2,n_layer:5,he:8,hd:64,lr:0.005,wd:0.0005,dp:0.2,R:1.0,92.68 ± 0.99,92.68 ± 0.87
regcn,ft:2,n_layer:5,he:8,hd:64,lr:0.005,wd:0.0005,dp:0.2,R:10.0,93.18 ± 0.81,93.14 ± 0.74
regcn,ft:2,n_layer:5,he:8,hd:64,lr:0.005,wd:0.0005,dp:0.2,R:100.0,92.87 ± 0.60,92.86 ± 0.54
regcn,ft:2,n_layer:5,he:8,hd:64,lr:0.005,wd:0.0005,dp:0.5,R:1.0,93.27 ± 0.79,93.27 ± 0.73
regcn,ft:2,n_layer:5,he:8,hd:64,lr:0.005,wd:0.0005,dp:0.5,R:10.0,93.24 ± 0.50,93.23 ± 0.45
regcn,ft:2,n_layer:5,he:8,hd:64,lr:0.005,wd:0.0005,dp:0.5,R:100.0,93.08 ± 0.46,93.07 ± 0.43
regcn,ft:2,n_layer:5,he:8,hd:64,lr:0.005,wd:0.0005,dp:0.7,R:1.0,93.09 ± 0.21,93.08 ± 0.20
regcn,ft:2,n_layer:5,he:8,hd:64,lr:0.005,wd:0.0005,dp:0.7,R:10.0,92.79 ± 0.37,92.80 ± 0.35
regcn,ft:2,n_layer:5,he:8,hd:64,lr:0.005,wd:0.0005,dp:0.7,R:100.0,91.17 ± 1.19,91.28 ± 1.15
regcn,ft:2,n_layer:5,he:8,hd:64,lr:0.005,wd:0.001,dp:0.2,R:1.0,92.70 ± 0.93,92.70 ± 0.81
regcn,ft:2,n_layer:5,he:8,hd:64,lr:0.005,wd:0.001,dp:0.2,R:10.0,93.15 ± 0.74,93.12 ± 0.67
regcn,ft:2,n_layer:5,he:8,hd:64,lr:0.005,wd:0.001,dp:0.2,R:100.0,93.12 ± 0.73,93.07 ± 0.70
regcn,ft:2,n_layer:5,he:8,hd:64,lr:0.005,wd:0.001,dp:0.5,R:1.0,93.30 ± 0.78,93.29 ± 0.72
regcn,ft:2,n_layer:5,he:8,hd:64,lr:0.005,wd:0.001,dp:0.5,R:10.0,92.96 ± 0.74,92.99 ± 0.69
regcn,ft:2,n_layer:5,he:8,hd:64,lr:0.005,wd:0.001,dp:0.5,R:100.0,92.63 ± 1.69,92.68 ± 1.56
regcn,ft:2,n_layer:5,he:8,hd:64,lr:0.005,wd:0.001,dp:0.7,R:1.0,93.28 ± 0.26,93.26 ± 0.24
regcn,ft:2,n_layer:5,he:8,hd:64,lr:0.005,wd:0.001,dp:0.7,R:10.0,92.83 ± 0.48,92.85 ± 0.45
regcn,ft:2,n_layer:5,he:8,hd:64,lr:0.005,wd:0.001,dp:0.7,R:100.0,90.69 ± 1.81,90.84 ± 1.69
regcn,ft:2,n_layer:5,he:8,hd:64,lr:0.005,wd:0.005,dp:0.2,R:1.0,93.41 ± 0.42,93.34 ± 0.40
regcn,ft:2,n_layer:5,he:8,hd:64,lr:0.005,wd:0.005,dp:0.2,R:10.0,93.40 ± 0.62,93.36 ± 0.57
regcn,ft:2,n_layer:5,he:8,hd:64,lr:0.005,wd:0.005,dp:0.2,R:100.0,92.86 ± 0.46,92.83 ± 0.42
regcn,ft:2,n_layer:5,he:8,hd:64,lr:0.005,wd:0.005,dp:0.5,R:1.0,93.28 ± 0.37,93.28 ± 0.34
regcn,ft:2,n_layer:5,he:8,hd:64,lr:0.005,wd:0.005,dp:0.5,R:10.0,93.10 ± 0.50,93.10 ± 0.47
regcn,ft:2,n_layer:5,he:8,hd:64,lr:0.005,wd:0.005,dp:0.5,R:100.0,93.01 ± 0.72,93.01 ± 0.70
regcn,ft:2,n_layer:5,he:8,hd:64,lr:0.005,wd:0.005,dp:0.7,R:1.0,93.41 ± 0.17,93.38 ± 0.16
regcn,ft:2,n_layer:5,he:8,hd:64,lr:0.005,wd:0.005,dp:0.7,R:10.0,93.36 ± 0.27,93.34 ± 0.25
regcn,ft:2,n_layer:5,he:8,hd:64,lr:0.005,wd:0.005,dp:0.7,R:100.0,84.81 ± 21.04,87.54 ± 13.00
